0.000000	-0.000240	-0.000003	-0.000042	0.000073	-0.000053	-0.000009	-0.000289	-0.000212	-0.000036	-0.000005	-0.000148	-0.000091	-0.000051	-0.000145	0.000027	-0.000008	0.000000	0.000000	0.000000	0.000000	0.000000	0.000000	0.000000	0.000000	0.000000	0.000000	0.000000	0.000000	0.000000	1791490879.408315	0.000000
1.000000	-0.001526	-0.000003	-0.000236	0.000487	-0.000403	-0.000194	-0.002066	-0.001377	-0.000299	-0.000111	-0.001080	-0.000736	-0.000500	-0.001137	0.000072	-0.000187	0.000000	0.000000	0.000000	0.000000	0.000000	0.000000	0.000000	0.000000	0.000000	0.000000	0.000000	0.000000	0.000000	1791490879.408412	0.000000
2.000000	-0.004014	0.000007	-0.000541	0.001288	-0.001353	-0.001100	-0.006373	-0.003799	-0.001149	-0.000710	-0.003483	-0.002643	-0.002121	-0.003916	-0.000452	-0.001184	0.000000	0.000000	0.000000	0.000000	0.000000	0.000000	0.000000	0.000000	0.000000	0.000000	0.000000	0.000000	0.000000	1791490879.408428	0.000000
3.000000	-0.004728	-0.000305	-0.000721	0.001129	-0.002531	-0.003054	-0.009861	-0.005061	-0.002720	-0.002386	-0.005999	-0.005223	-0.004979	-0.007207	-0.002901	-0.003721	0.000000	0.000000	0.000000	0.000000	0.000000	0.000000	0.000000	0.000000	0.000000	0.000000	0.000000	0.000000	0.000000	1791490879.408439	0.000000
4.000000	0.001186	-0.002016	-0.001115	-0.002730	-0.002349	-0.004434	-0.002941	-0.000502	-0.004185	-0.004755	-0.003864	-0.004865	-0.006076	-0.005209	-0.006864	-0.006479	0.000000	0.000000	0.000000	0.000000	0.000000	0.000000	0.000000	0.000000	0.000000	0.000000	0.000000	0.000000	0.000000	1791490879.408450	0.000000
5.000000	0.013719	-0.005423	-0.002523	-0.010705	0.000970	-0.001338	0.021210	0.011365	-0.003050	-0.004786	0.007602	0.003251	0.000454	0.008628	-0.006619	-0.004336	0.000000	0.000000	0.000000	0.000000	0.000000	0.000000	0.000000	0.000000	0.000000	0.000000	0.000000	0.000000	0.000000	1791490879.408460	0.000000
6.000000	0.023898	-0.006244	-0.003289	-0.015862	0.007105	0.008454	0.050938	0.023991	0.004538	0.002624	0.025373	0.018899	0.016991	0.031139	0.005709	0.008544	0.000000	0.000000	0.000000	0.000000	0.000000	0.000000	0.000000	0.000000	0.000000	0.000000	0.000000	0.000000	0.000000	1791490879.408475	0.000000
7.000000	0.019690	0.003999	0.002272	-0.005708	0.012571	0.020041	0.053789	0.025171	0.020087	0.019202	0.035035	0.031960	0.034327	0.043380	0.028655	0.030180	0.000000	0.000000	0.000000	0.000000	0.000000	0.000000	0.000000	0.000000	0.000000	0.000000	0.000000	0.000000	0.000000	1791490879.408493	0.000000
8.000000	-0.003172	0.027023	0.017547	0.025176	0.012703	0.022015	0.001530	0.005640	0.035365	0.035644	0.018917	0.026349	0.032797	0.021638	0.043715	0.043996	0.000000	0.000000	0.000000	0.000000	0.000000	0.000000	0.000000	0.000000	0.000000	0.000000	0.000000	0.000000	0.000000	1791490879.408503	0.000000
9.000000	-0.036189	0.044589	0.032779	0.060659	0.004663	0.005387	-0.093083	-0.032340	0.029534	0.031215	-0.026760	-0.007186	-0.002364	-0.037853	0.024691	0.024708	0.000000	0.000000	0.000000	0.000000	0.000000	0.000000	0.000000	0.000000	0.000000	0.000000	0.000000	0.000000	0.000000	1791490879.408513	0.000000
10.000000	-0.061804	0.024684	0.024992	0.064524	-0.011079	-0.025967	-0.164618	-0.070758	-0.016359	-0.010841	-0.079582	-0.057757	-0.060915	-0.101888	-0.036757	-0.038532	0.000000	0.000000	0.000000	0.000000	0.000000	0.000000	0.000000	0.000000	0.000000	0.000000	0.000000	0.000000	0.000000	1791490879.408524	0.000000
11.000000	-0.060233	-0.044927	-0.021221	0.007473	-0.029407	-0.052619	-0.132142	-0.079275	-0.090232	-0.078502	-0.097508	-0.092396	-0.102315	-0.113383	-0.108589	-0.116257	0.000000	0.000000	0.000000	0.000000	0.000000	0.000000	0.000000	0.000000	0.000000	0.000000	0.000000	0.000000	0.000000	1791490879.408551	0.000000
12.000000	-0.017867	-0.124503	-0.086782	-0.096481	-0.039898	-0.050731	0.030004	-0.031649	-0.135574	-0.122552	-0.047442	-0.074258	-0.080159	-0.036295	-0.126960	-0.141560	0.000000	0.000000	0.000000	0.000000	0.000000	0.000000	0.000000	0.000000	0.000000	0.000000	0.000000	0.000000	0.000000	1791490879.408577	0.000000
13.000000	0.059009	-0.135546	-0.117085	-0.180033	-0.031530	-0.012777	0.241121	0.067136	-0.084767	-0.085975	0.060241	0.006013	0.014523	0.099201	-0.043775	-0.057423	0.000000	0.000000	0.000000	0.000000	0.000000	0.000000	0.000000	0.000000	0.000000	0.000000	0.000000	0.000000	0.000000	1791490879.408604	0.000000
14.000000	0.133675	-0.025059	-0.059816	-0.159352	-0.000538	0.041491	0.342140	0.165384	0.074425	0.043475	0.163436	0.112402	0.130825	0.199986	0.119721	0.121698	0.000000	0.000000	0.000000	0.000000	0.000000	0.000000	0.000000	0.000000	0.000000	0.000000	0.000000	0.000000	0.000000	1791490879.408629	0.000000
15.000000	0.150840	0.169117	0.083152	0.000394	0.046089	0.079094	0.209474	0.185604	0.256984	0.201884	0.184195	0.179705	0.186674	0.176885	0.262333	0.289933	0.000000	0.000000	0.000000	0.000000	0.000000	0.000000	0.000000	0.000000	0.000000	0.000000	0.000000	0.000000	0.000000	1791490879.408695	0.000000
16.000000	0.072260	0.314187	0.231787	0.234465	0.090061	0.079258	-0.124203	0.077487	0.314203	0.272803	0.085571	0.153113	0.129827	0.024380	0.257322	0.303452	0.000000	0.000000	0.000000	0.000000	0.000000	0.000000	0.000000	0.000000	0.000000	0.000000	0.000000	0.000000	0.000000	1791490879.408723	0.000000
17.000000	-0.086923	0.262583	0.262466	0.388440	0.101586	0.043050	-0.453253	-0.130641	0.139795	0.162909	-0.094334	0.023638	-0.020255	-0.161937	0.048390	0.086394	0.000000	0.000000	0.000000	0.000000	0.000000	0.000000	0.000000	0.000000	0.000000	0.000000	0.000000	0.000000	0.000000	1791490879.408749	0.000000
18.000000	-0.247319	-0.023585	0.097090	0.307888	0.050085	-0.016923	-0.526382	-0.321802	-0.218144	-0.112365	-0.255524	-0.158165	-0.181945	-0.253369	-0.276293	-0.279679	0.000000	0.000000	0.000000	0.000000	0.000000	0.000000	0.000000	0.000000	0.000000	0.000000	0.000000	0.000000	0.000000	1791490879.408775	0.000000
19.000000	-0.296209	-0.397311	-0.208943	-0.033315	-0.066577	-0.085497	-0.237223	-0.346211	-0.537349	-0.399835	-0.289980	-0.295908	-0.261122	-0.187136	-0.503162	-0.563739	0.000000	0.000000	0.000000	0.000000	0.000000	0.000000	0.000000	0.000000	0.000000	0.000000	0.000000	0.000000	0.000000	1791490879.408804	0.000000
20.000000	-0.157870	-0.587335	-0.462501	-0.463668	-0.194667	-0.138711	0.268521	-0.127195	-0.547670	-0.483671	-0.148305	-0.289831	-0.204412	-0.013104	-0.424362	-0.520302	0.000000	0.000000	0.000000	0.000000	0.000000	0.000000	0.000000	0.000000	0.000000	0.000000	0.000000	0.000000	0.000000	1791490879.408829	0.000000
21.000000	0.132816	-0.387018	-0.448360	-0.686624	-0.237296	-0.137917	0.665212	0.250401	-0.142849	-0.238803	0.117005	-0.098826	-0.026874	0.149559	-0.007819	-0.081847	0.000000	0.000000	0.000000	0.000000	0.000000	0.000000	0.000000	0.000000	0.000000	0.000000	0.000000	0.000000	0.000000	1791490879.408855	0.000000
22.000000	0.415124	0.156665	-0.100206	-0.478342	-0.120632	-0.049657	0.662615	0.552664	0.481762	0.242431	0.361987	0.209375	0.193285	0.206723	0.526345	0.534964	0.000000	0.000000	0.000000	0.000000	0.000000	0.000000	0.000000	0.000000	0.000000	0.000000	0.000000	0.000000	0.000000	1791490879.408880	0.000000
23.000000	0.485006	0.716949	0.407005	0.120374	0.129266	0.113323	0.218049	0.536114	0.906107	0.665385	0.424657	0.465881	0.347123	0.155065	0.813310	0.922409	0.000000	0.000000	0.000000	0.000000	0.000000	0.000000	0.000000	0.000000	0.000000	0.000000	0.000000	0.000000	0.000000	1791490879.408905	0.000000
24.000000	0.240036	0.882034	0.739035	0.773700	0.369810	0.269130	-0.409880	0.135057	0.764895	0.712611	0.230119	0.486547	0.342395	0.065315	0.589238	0.747260	0.000000	0.000000	0.000000	0.000000	0.000000	0.000000	0.000000	0.000000	0.000000	0.000000	0.000000	0.000000	0.000000	1791490879.408930	0.000000
25.000000	-0.217931	0.454356	0.623760	1.035065	0.417988	0.297788	-0.818650	-0.446328	0.042791	0.276607	-0.141894	0.196217	0.148544	0.000625	-0.092909	0.014630	0.000000	0.000000	0.000000	0.000000	0.000000	0.000000	0.000000	0.000000	0.000000	0.000000	0.000000	0.000000	0.000000	1791490879.408954	0.000000
26.000000	-0.615130	-0.363959	0.061389	0.645125	0.180689	0.123612	-0.730618	-0.829869	-0.846069	-0.424887	-0.483890	-0.289926	-0.175664	-0.047900	-0.844214	-0.870513	0.000000	0.000000	0.000000	0.000000	0.000000	0.000000	0.000000	0.000000	0.000000	0.000000	0.000000	0.000000	0.000000	1791490879.408981	0.000000
27.000000	-0.671860	-1.058447	-0.634386	-0.251970	-0.249003	-0.201715	-0.184918	-0.708025	-1.291576	-0.953175	-0.576675	-0.696339	-0.483695	-0.135337	-1.158956	-1.322262	0.000000	0.000000	0.000000	0.000000	0.000000	0.000000	0.000000	0.000000	0.000000	0.000000	0.000000	0.000000	0.000000	1791490879.409007	0.000000
28.000000	-0.299645	-1.133013	-1.014470	-1.139693	-0.612645	-0.489348	0.483865	-0.081701	-0.907007	-0.925914	-0.328580	-0.736304	-0.588750	-0.266265	-0.750777	-0.959137	0.000000	0.000000	0.000000	0.000000	0.000000	0.000000	0.000000	0.000000	0.000000	0.000000	0.000000	0.000000	0.000000	1791490879.409031	0.000000
29.000000	0.309838	-0.465354	-0.787107	-1.423343	-0.636760	-0.514242	0.864391	0.688484	0.154838	-0.289261	0.150426	-0.305564	-0.362125	-0.334084	0.216327	0.097128	0.000000	0.000000	0.000000	0.000000	0.000000	0.000000	0.000000	0.000000	0.000000	0.000000	0.000000	0.000000	0.000000	1791490879.409056	0.000000
30.000000	0.785247	0.573152	-0.028608	-0.820081	-0.227116	-0.178911	0.733094	1.091168	1.242508	0.610259	0.596399	0.407360	0.157628	-0.185276	1.181698	1.237699	0.000000	0.000000	0.000000	0.000000	0.000000	0.000000	0.000000	0.000000	0.000000	0.000000	0.000000	0.000000	0.000000	1791490879.409082	0.000000
31.000000	0.814453	1.336237	0.836843	0.408582	0.427146	0.374689	0.187353	0.814445	1.615726	1.221253	0.740817	0.990352	0.725203	0.219489	1.520299	1.723896	0.000000	0.000000	0.000000	0.000000	0.000000	0.000000	0.000000	0.000000	0.000000	0.000000	0.000000	0.000000	0.000000	1791490879.409108	0.000000
32.000000	0.356868	1.319145	1.282052	1.555192	0.929354	0.806792	-0.433634	-0.013551	0.956471	1.131394	0.471399	1.041506	0.982369	0.686621	0.946296	1.167384	0.000000	0.000000	0.000000	0.000000	0.000000	0.000000	0.000000	0.000000	0.000000	0.000000	0.000000	0.000000	0.000000	1791490879.409133	0.000000
33.000000	-0.325647	0.490571	0.994991	1.868562	0.908940	0.780887	-0.775041	-0.883977	-0.380126	0.337679	-0.093843	0.436255	0.668654	0.852482	-0.277274	-0.184592	0.000000	0.000000	0.000000	0.000000	0.000000	0.000000	0.000000	0.000000	0.000000	0.000000	0.000000	0.000000	0.000000	1791490879.409159	0.000000
34.000000	-0.837994	-0.678054	0.079039	1.033885	0.279307	0.209688	-0.680767	-1.237651	-1.564979	-0.730027	-0.661956	-0.544995	-0.164753	0.437597	-1.463542	-1.557847	0.000000	0.000000	0.000000	0.000000	0.000000	0.000000	0.000000	0.000000	0.000000	0.000000	0.000000	0.000000	0.000000	1791490879.409184	0.000000
35.000000	-0.895609	-1.498034	-0.981864	-0.568941	-0.652143	-0.626981	-0.257951	-0.837528	-1.824513	-1.449478	-0.918149	-1.334782	-1.096187	-0.471433	-1.893472	-2.102592	0.000000	0.000000	0.000000	0.000000	0.000000	0.000000	0.000000	0.000000	0.000000	0.000000	0.000000	0.000000	0.000000	1791490879.409210	0.000000
36.000000	-0.480245	-1.478290	-1.578097	-2.021029	-1.322135	-1.205652	0.230530	0.073268	-0.952007	-1.369198	-0.694713	-1.402217	-1.524697	-1.353519	-1.245299	-1.417853	0.000000	0.000000	0.000000	0.000000	0.000000	0.000000	0.000000	0.000000	0.000000	0.000000	0.000000	0.000000	0.000000	1791490879.409236	0.000000
37.000000	0.175196	-0.614065	-1.314826	-2.385016	-1.245653	-1.081935	0.546323	0.931719	0.541097	-0.482174	-0.068718	-0.600978	-1.045005	-1.527952	0.191205	0.173738	0.000000	0.000000	0.000000	0.000000	0.000000	0.000000	0.000000	0.000000	0.000000	0.000000	0.000000	0.000000	0.000000	1791490879.409261	0.000000
38.000000	0.737238	0.618221	-0.254192	-1.299763	-0.351349	-0.216254	0.594846	1.221337	1.739895	0.750135	0.661444	0.682639	0.220096	-0.647592	1.646612	1.780008	0.000000	0.000000	0.000000	0.000000	0.000000	0.000000	0.000000	0.000000	0.000000	0.000000	0.000000	0.000000	0.000000	1791490879.409287	0.000000
39.000000	0.948943	1.542155	1.078838	0.724153	0.907763	0.931269	0.420644	0.797934	1.904762	1.642156	1.113298	1.706158	1.585427	0.932566	2.286045	2.446888	0.000000	0.000000	0.000000	0.000000	0.000000	0.000000	0.000000	0.000000	0.000000	0.000000	0.000000	0.000000	0.000000	1791490879.409312	0.000000
40.000000	0.732113	1.657756	1.945694	2.528861	1.774444	1.640477	0.122850	-0.040469	0.936921	1.663848	1.011290	1.798966	2.161394	2.241358	1.681526	1.727097	0.000000	0.000000	0.000000	0.000000	0.000000	0.000000	0.000000	0.000000	0.000000	0.000000	0.000000	0.000000	0.000000	1791490879.409337	0.000000
41.000000	0.183508	0.895642	1.785229	2.964608	1.636734	1.383037	-0.214306	-0.776419	-0.570756	0.745003	0.342710	0.794665	1.427804	2.274358	0.077362	-0.032553	0.000000	0.000000	0.000000	0.000000	0.000000	0.000000	0.000000	0.000000	0.000000	0.000000	0.000000	0.000000	0.000000	1791490879.409370	0.000000
42.000000	-0.489192	-0.368364	0.553080	1.609302	0.442808	0.200657	-0.519888	-1.019046	-1.720325	-0.664662	-0.601997	-0.808497	-0.345055	0.733150	-1.707443	-1.866932	0.000000	0.000000	0.000000	0.000000	0.000000	0.000000	0.000000	0.000000	0.000000	0.000000	0.000000	0.000000	0.000000	1791490879.409381	0.000000
43.000000	-1.029095	-1.509087	-1.177921	-0.888110	-1.190175	-1.253832	-0.692883	-0.723805	-1.865256	-1.814419	-1.339614	-2.087025	-2.150603	-1.609571	-2.695510	-2.733390	0.000000	0.000000	0.000000	0.000000	0.000000	0.000000	0.000000	0.000000	0.000000	0.000000	0.000000	0.000000	0.000000	1791490879.409392	0.000000
44.000000	-1.181050	-1.942232	-2.450667	-3.093972	-2.281728	-2.074493	-0.599828	-0.149662	-0.974431	-2.041024	-1.424985	-2.220153	-2.812914	-3.265230	-2.272035	-2.103086	0.000000	0.000000	0.000000	0.000000	0.000000	0.000000	0.000000	0.000000	0.000000	0.000000	0.000000	0.000000	0.000000	1791490879.409402	0.000000
45.000000	-0.774267	-1.389761	-2.425212	-3.600057	-2.067915	-1.664505	-0.162805	0.372529	0.402794	-1.134725	-0.706684	-1.007815	-1.751090	-2.970411	-0.543565	-0.267361	0.000000	0.000000	0.000000	0.000000	0.000000	0.000000	0.000000	0.000000	0.000000	0.000000	0.000000	0.000000	0.000000	1791490879.409412	0.000000
46.000000	0.149034	-0.032635	-0.911792	-1.912855	-0.520897	-0.156337	0.512423	0.655797	1.501944	0.504510	0.528197	0.940899	0.554890	-0.621386	1.657906	1.806236	0.000000	0.000000	0.000000	0.000000	0.000000	0.000000	0.000000	0.000000	0.000000	0.000000	0.000000	0.000000	0.000000	1791490879.409421	0.000000
47.000000	1.235417	1.512008	1.387156	1.130312	1.535839	1.597491	1.094098	0.698210	1.777293	2.021078	1.634115	2.498405	2.752205	2.475187	3.154692	2.984444	0.000000	0.000000	0.000000	0.000000	0.000000	0.000000	0.000000	0.000000	0.000000	0.000000	0.000000	0.000000	0.000000	1791490879.409430	0.000000
48.000000	1.886769	2.423392	3.152137	3.744836	2.848890	2.501288	1.165213	0.563482	1.149364	2.527751	1.925121	2.662883	3.409823	4.314152	3.029355	2.574061	0.000000	0.000000	0.000000	0.000000	0.000000	0.000000	0.000000	0.000000	0.000000	0.000000	0.000000	0.000000	0.000000	1791490879.409457	0.000000
49.000000	1.558636	2.079721	3.182112	4.238044	2.493939	1.900597	0.510556	0.260871	-0.023122	1.611547	1.094286	1.198597	1.955167	3.493337	1.166630	0.712728	0.000000	0.000000	0.000000	0.000000	0.000000	0.000000	0.000000	0.000000	0.000000	0.000000	0.000000	0.000000	0.000000	1791490879.409467	0.000000
50.000000	0.170457	0.466116	1.201155	2.108680	0.519022	0.049467	-0.638390	-0.231096	-1.163465	-0.353976	-0.515818	-1.132334	-0.861954	0.260177	-1.572136	-1.659441	0.000000	0.000000	0.000000	0.000000	0.000000	0.000000	0.000000	0.000000	0.000000	0.000000	0.000000	0.000000	0.000000	1791490879.409477	0.000000
51.000000	-1.661958	-1.670175	-1.800412	-1.511160	-1.972864	-1.970753	-1.626992	-0.818536	-1.743151	-2.316654	-2.013203	-2.948745	-3.340902	-3.468885	-3.705294	-3.256313	0.000000	0.000000	0.000000	0.000000	0.000000	0.000000	0.000000	0.000000	0.000000	0.000000	0.000000	0.000000	0.000000	1791490879.409486	0.000000
52.000000	-2.838224	-3.112699	-4.020149	-4.439298	-3.431795	-2.884992	-1.743021	-1.204198	-1.489758	-3.091340	-2.443870	-3.071223	-3.869369	-5.248898	-3.911268	-3.127694	0.000000	0.000000	0.000000	0.000000	0.000000	0.000000	0.000000	0.000000	0.000000	0.000000	0.000000	0.000000	0.000000	1791490879.409496	0.000000
53.000000	-2.421461	-2.856264	-3.924436	-4.769800	-2.834171	-2.040982	-0.729220	-1.019059	-0.493266	-2.078042	-1.407876	-1.297735	-1.988785	-3.727196	-1.842275	-1.220994	0.000000	0.000000	0.000000	0.000000	0.000000	0.000000	0.000000	0.000000	0.000000	0.000000	0.000000	0.000000	0.000000	1791490879.409506	0.000000
54.000000	-0.348440	-0.802491	-1.307741	-2.127295	-0.401749	0.124521	0.928532	-0.130287	0.811966	0.286409	0.602053	1.386165	1.231739	0.344079	1.529452	1.508636	0.000000	0.000000	0.000000	0.000000	0.000000	0.000000	0.000000	0.000000	0.000000	0.000000	0.000000	0.000000	0.000000	1791490879.409515	0.000000
55.000000	2.325876	2.014594	2.407513	1.989993	2.445122	2.309119	2.211648	1.119569	1.804345	2.681762	2.416293	3.356479	3.811508	4.457693	4.330795	3.557855	0.000000	0.000000	0.000000	0.000000	0.000000	0.000000	0.000000	0.000000	0.000000	0.000000	0.000000	0.000000	0.000000	1791490879.409524	0.000000
56.000000	3.935129	3.921156	4.932393	5.065807	3.929623	3.146633	2.207756	1.991351	1.943946	3.641689	2.880024	3.353175	4.104116	5.919387	4.822377	3.698300	0.000000	0.000000	0.000000	0.000000	0.000000	0.000000	0.000000	0.000000	0.000000	0.000000	0.000000	0.000000	0.000000	1791490879.409534	0.000000
57.000000	3.238073	3.599638	4.532810	5.124013	3.044570	2.077630	0.765641	1.781595	1.057887	2.460765	1.601517	1.300198	1.868414	3.635245	2.479628	1.715035	0.000000	0.000000	0.000000	0.000000	0.000000	0.000000	0.000000	0.000000	0.000000	0.000000	0.000000	0.000000	0.000000	1791490879.409543	0.000000
58.000000	0.339008	0.993258	1.218113	2.006901	0.233025	-0.280755	-1.310937	0.359403	-0.501996	-0.297478	-0.738455	-1.603789	-1.548327	-1.084515	-1.552662	-1.384956	0.000000	0.000000	0.000000	0.000000	0.000000	0.000000	0.000000	0.000000	0.000000	0.000000	0.000000	0.000000	0.000000	1791490879.409553	0.000000
59.000000	-3.173416	-2.499220	-3.117632	-2.459806	-2.836853	-2.508735	-2.717693	-1.586396	-1.955936	-3.052329	-2.751515	-3.605877	-4.048317	-5.288566	-4.989659	-3.867607	0.000000	0.000000	0.000000	0.000000	0.000000	0.000000	0.000000	0.000000	0.000000	0.000000	0.000000	0.000000	0.000000	1791490879.409562	0.000000
60.000000	-5.082161	-4.760546	-5.781132	-5.552241	-4.282047	-3.259894	-2.488193	-2.850570	-2.464072	-4.118522	-3.182284	-3.481412	-4.101441	-6.258652	-5.698287	-4.239818	0.000000	0.000000	0.000000	0.000000	0.000000	0.000000	0.000000	0.000000	0.000000	0.000000	0.000000	0.000000	0.000000	1791490879.409572	0.000000
61.000000	-3.941987	-4.245852	-4.966784	-5.324977	-3.171674	-2.082364	-0.662806	-2.459913	-1.610885	-2.747901	-1.703206	-1.290554	-1.693427	-3.284387	-3.025619	-2.153241	0.000000	0.000000	0.000000	0.000000	0.000000	0.000000	0.000000	0.000000	0.000000	0.000000	0.000000	0.000000	0.000000	1791490879.409581	0.000000
62.000000	-0.137837	-1.033216	-0.976637	-1.835099	-0.117592	0.321305	1.678357	-0.400729	0.273738	0.352851	0.849582	1.666118	1.691676	1.830378	1.665426	1.307487	0.000000	0.000000	0.000000	0.000000	0.000000	0.000000	0.000000	0.000000	0.000000	0.000000	0.000000	0.000000	0.000000	1791490879.409590	0.000000
63.000000	4.157416	3.079594	3.849985	2.855388	3.080534	2.535316	3.071086	2.209192	2.197621	3.384012	2.963544	3.648421	4.015745	5.881323	5.667314	4.176568	0.000000	0.000000	0.000000	0.000000	0.000000	0.000000	0.000000	0.000000	0.000000	0.000000	0.000000	0.000000	0.000000	1791490879.409600	0.000000
64.000000	6.218005	5.576878	6.516818	5.910172	4.512209	3.277782	2.599191	3.714299	3.014255	4.505979	3.361165	3.516399	3.934348	6.293826	6.492928	4.724936	0.000000	0.000000	0.000000	0.000000	0.000000	0.000000	0.000000	0.000000	0.000000	0.000000	0.000000	0.000000	0.000000	1791490879.409610	0.000000
65.000000	4.492677	4.766456	5.236744	5.436628	3.296159	2.136039	0.497323	2.973745	2.104434	2.958689	1.772886	1.375043	1.570176	2.769258	3.428185	2.506952	0.000000	0.000000	0.000000	0.000000	0.000000	0.000000	0.000000	0.000000	0.000000	0.000000	0.000000	0.000000	0.000000	1791490879.409619	0.000000
66.000000	-0.265617	0.918238	0.621244	1.653265	0.107604	-0.222442	-1.969637	0.206196	-0.168418	-0.431735	-0.892613	-1.528088	-1.624596	-2.507227	-1.898191	-1.297111	0.000000	0.000000	0.000000	0.000000	0.000000	0.000000	0.000000	0.000000	0.000000	0.000000	0.000000	0.000000	0.000000	1791490879.409628	0.000000
67.000000	-5.266339	-3.755568	-4.587964	-3.203072	-3.206215	-2.450695	-3.279869	-2.984069	-2.552482	-3.687415	-3.075526	-3.545472	-3.778200	-6.235307	-6.359304	-4.494542	0.000000	0.000000	0.000000	0.000000	0.000000	0.000000	0.000000	0.000000	0.000000	0.000000	0.000000	0.000000	0.000000	1791490879.409637	0.000000
68.000000	-7.307211	-6.360870	-7.146372	-6.196189	-4.694879	-3.286665	-2.599667	-4.526980	-3.580302	-4.830903	-3.478122	-3.559444	-3.700929	-6.080195	-7.168548	-5.143151	0.000000	0.000000	0.000000	0.000000	0.000000	0.000000	0.000000	0.000000	0.000000	0.000000	0.000000	0.000000	0.000000	1791490879.409647	0.000000
69.000000	-4.825757	-5.118886	-5.333723	-5.467033	-3.446140	-2.256346	-0.313130	-3.237172	-2.475756	-3.089509	-1.833829	-1.583833	-1.531288	-2.145660	-3.632384	-2.739531	0.000000	0.000000	0.000000	0.000000	0.000000	0.000000	0.000000	0.000000	0.000000	0.000000	0.000000	0.000000	0.000000	1791490879.409656	0.000000
70.000000	0.934431	-0.584731	-0.114839	-1.398503	-0.143138	0.062132	2.196454	0.287762	0.264468	0.579826	0.916788	1.267015	1.411295	3.095269	2.289994	1.397364	0.000000	0.000000	0.000000	0.000000	0.000000	0.000000	0.000000	0.000000	0.000000	0.000000	0.000000	0.000000	0.000000	1791490879.409666	0.000000
71.000000	6.498989	4.550622	5.352055	3.567962	3.300958	2.356339	3.387932	3.894598	3.047211	4.003019	3.158373	3.403335	3.433239	6.365356	7.054382	4.834397	0.000000	0.000000	0.000000	0.000000	0.000000	0.000000	0.000000	0.000000	0.000000	0.000000	0.000000	0.000000	0.000000	1791490879.409675	0.000000
72.000000	8.258595	7.055572	7.631019	6.397149	4.847798	3.314025	2.514784	5.190777	4.103205	5.078582	3.549060	3.637062	3.441169	5.648301	7.661762	5.458613	0.000000	0.000000	0.000000	0.000000	0.000000	0.000000	0.000000	0.000000	0.000000	0.000000	0.000000	0.000000	0.000000	1791490879.409685	0.000000
73.000000	4.825173	5.209386	5.187314	5.332713	3.548592	2.374546	0.098831	3.147842	2.627578	3.082382	1.833178	1.839403	1.528343	1.444234	3.569217	2.793707	0.000000	0.000000	0.000000	0.000000	0.000000	0.000000	0.000000	0.000000	0.000000	0.000000	0.000000	0.000000	0.000000	1791490879.409694	0.000000
74.000000	-1.899469	-0.003764	-0.565238	1.010017	0.139254	0.067008	-2.379332	-1.092388	-0.604981	-0.832846	-0.980505	-0.982966	-1.137068	-3.573697	-2.850435	-1.632688	0.000000	0.000000	0.000000	0.000000	0.000000	0.000000	0.000000	0.000000	0.000000	0.000000	0.000000	0.000000	0.000000	1791490879.409704	0.000000
75.000000	-7.754924	-5.396546	-6.075197	-3.915017	-3.370615	-2.279230	-3.393467	-4.837079	-3.622915	-4.297976	-3.209416	-3.246425	-3.025363	-6.269088	-7.679110	-5.157115	0.000000	0.000000	0.000000	0.000000	0.000000	0.000000	0.000000	0.000000	0.000000	0.000000	0.000000	0.000000	0.000000	1791490879.409713	0.000000
76.000000	-8.915663	-7.541954	-7.866209	-6.413775	-4.894288	-3.303785	-2.323999	-5.568835	-4.471313	-5.175679	-3.515378	-3.681637	-3.128058	-5.019388	-7.869556	-5.598302	0.000000	0.000000	0.000000	0.000000	0.000000	0.000000	0.000000	0.000000	0.000000	0.000000	0.000000	0.000000	0.000000	1791490879.409723	0.000000
77.000000	-4.417129	-4.978809	-4.759156	-4.976085	-3.529650	-2.417307	0.152569	-2.659843	-2.500620	-2.900257	-1.725389	-2.054380	-1.498841	-0.703617	-3.199934	-2.631317	0.000000	0.000000	0.000000	0.000000	0.000000	0.000000	0.000000	0.000000	0.000000	0.000000	0.000000	0.000000	0.000000	1791490879.409732	0.000000
78.000000	3.074414	0.780823	1.337952	-0.541817	-0.105898	-0.151590	2.491211	2.109532	1.134972	1.146347	1.061644	0.701729	0.840529	3.908030	3.508454	1.964473	0.000000	0.000000	0.000000	0.000000	0.000000	0.000000	0.000000	0.000000	0.000000	0.000000	0.000000	0.000000	0.000000	1791490879.409741	0.000000
79.000000	8.848525	6.145358	6.611771	4.117229	3.327764	2.160803	3.254522	5.643934	4.151245	4.479415	3.155511	3.023278	2.541658	5.942174	8.105832	5.375730	0.000000	0.000000	0.000000	0.000000	0.000000	0.000000	0.000000	0.000000	0.000000	0.000000	0.000000	0.000000	0.000000	1791490879.409750	0.000000
80.000000	9.143423	7.708354	7.758777	6.156784	4.752208	3.184465	2.012843	5.561863	4.587545	5.057345	3.317994	3.615831	2.717220	4.227801	7.712368	5.497983	0.000000	0.000000	0.000000	0.000000	0.000000	0.000000	0.000000	0.000000	0.000000	0.000000	0.000000	0.000000	0.000000	1791490879.409760	0.000000
81.000000	3.622338	4.439002	4.083758	4.424726	3.387551	2.367968	-0.407029	1.817246	2.102824	2.554082	1.512913	2.188233	1.408783	-0.023596	2.553492	2.258486	0.000000	0.000000	0.000000	0.000000	0.000000	0.000000	0.000000	0.000000	0.000000	0.000000	0.000000	0.000000	0.000000	1791490879.409772	0.000000
82.000000	-4.310718	-1.626720	-2.070544	0.115731	0.120543	0.242763	-2.475228	-3.198109	-1.755505	-1.449097	-1.103794	-0.404497	-0.518648	-4.063587	-4.156939	-2.327657	0.000000	0.000000	0.000000	0.000000	0.000000	0.000000	0.000000	0.000000	0.000000	0.000000	0.000000	0.000000	0.000000	1791490879.409781	0.000000
83.000000	-9.624728	-6.663488	-6.833485	-4.058482	-3.085108	-1.930555	-2.942589	-6.187941	-4.520232	-4.471011	-2.932720	-2.681452	-1.950411	-5.394585	-8.233792	-5.417279	0.000000	0.000000	0.000000	0.000000	0.000000	0.000000	0.000000	0.000000	0.000000	0.000000	0.000000	0.000000	0.000000	1791490879.409791	0.000000
84.000000	-8.883098	-7.495534	-7.272911	-5.603055	-4.394956	-2.927262	-1.609866	-5.134315	-4.400392	-4.690716	-2.929300	-3.397942	-2.181940	-3.327751	-7.162580	-5.123568	0.000000	0.000000	0.000000	0.000000	0.000000	0.000000	0.000000	0.000000	0.000000	0.000000	0.000000	0.000000	0.000000	1791490879.409801	0.000000
85.000000	-2.492649	-3.627286	-3.227575	-3.752882	-3.168356	-2.257748	0.602430	-0.677286	-1.463022	-2.067074	-1.216685	-2.236609	-1.262841	0.671322	-1.681319	-1.694020	0.000000	0.000000	0.000000	0.000000	0.000000	0.000000	0.000000	0.000000	0.000000	0.000000	0.000000	0.000000	0.000000	1791490879.409810	0.000000
86.000000	5.504032	2.448828	2.656609	0.167290	-0.252729	-0.394792	2.293733	4.259116	2.390034	1.685317	1.059114	0.065670	0.143263	4.012696	4.710649	2.669088	0.000000	0.000000	0.000000	0.000000	0.000000	0.000000	0.000000	0.000000	0.000000	0.000000	0.000000	0.000000	0.000000	1791490879.409819	0.000000
87.000000	9.998711	6.868201	6.674042	3.691756	2.613070	1.566218	2.484547	6.387904	4.657907	4.226221	2.505586	2.197132	1.235019	4.667374	8.001026	5.229661	0.000000	0.000000	0.000000	0.000000	0.000000	0.000000	0.000000	0.000000	0.000000	0.000000	0.000000	0.000000	0.000000	1791490879.409828	0.000000
88.000000	8.111505	6.881303	6.426832	4.791525	3.858995	2.564850	1.188614	4.265424	3.884543	4.074860	2.359126	3.036224	1.544086	2.405471	6.218240	4.459547	0.000000	0.000000	0.000000	0.000000	0.000000	0.000000	0.000000	0.000000	0.000000	0.000000	0.000000	0.000000	0.000000	1791490879.409837	0.000000
89.000000	1.068106	2.592638	2.276545	3.051847	2.942990	2.143958	-0.682581	-0.708559	0.616558	1.488719	0.890718	2.239905	1.110491	-1.173527	0.642726	0.974282	0.000000	0.000000	0.000000	0.000000	0.000000	0.000000	0.000000	0.000000	0.000000	0.000000	0.000000	0.000000	0.000000	1791490879.409847	0.000000
90.000000	-6.582487	-3.166568	-3.012545	-0.240196	0.540468	0.629614	-1.963559	-5.201244	-2.968906	-1.796353	-0.876422	0.347229	0.317253	-3.763583	-5.088672	-2.926091	0.000000	0.000000	0.000000	0.000000	0.000000	0.000000	0.000000	0.000000	0.000000	0.000000	0.000000	0.000000	0.000000	1791490879.409856	0.000000
91.000000	-9.917914	-6.716597	-6.129428	-3.039865	-1.954735	-1.116913	-1.966886	-6.181633	-4.518572	-3.738663	-1.885342	-1.594023	-0.423637	-3.840716	-7.369856	-4.781214	0.000000	0.000000	0.000000	0.000000	0.000000	0.000000	0.000000	0.000000	0.000000	0.000000	0.000000	0.000000	0.000000	1791490879.409865	0.000000
92.000000	-6.839592	-5.905419	-5.314713	-3.830745	-3.247586	-2.187545	-0.839350	-2.979078	-3.064193	-3.277652	-1.690664	-2.612188	-0.885480	-1.554330	-4.926359	-3.543810	0.000000	0.000000	0.000000	0.000000	0.000000	0.000000	0.000000	0.000000	0.000000	0.000000	0.000000	0.000000	0.000000	1791490879.409875	0.000000
93.000000	0.575844	-1.434046	-1.356550	-2.435086	-2.794325	-2.083136	0.628558	2.239922	0.354896	-0.913054	-0.628587	-2.278192	-1.028848	1.493623	0.458473	-0.182447	0.000000	0.000000	0.000000	0.000000	0.000000	0.000000	0.000000	0.000000	0.000000	0.000000	0.000000	0.000000	0.000000	1791490879.409884	0.000000
94.000000	7.458882	3.697603	3.079817	0.074468	-0.978612	-0.922626	1.552251	5.924147	3.418213	1.739309	0.529613	-0.845700	-0.873475	3.360354	5.214592	3.040530	0.000000	0.000000	0.000000	0.000000	0.000000	0.000000	0.000000	0.000000	0.000000	0.000000	0.000000	0.000000	0.000000	1791490879.409894	0.000000
95.000000	9.353654	6.208512	5.255453	2.180332	1.196838	0.663146	1.483292	5.552148	4.099492	3.053983	1.136243	0.941597	-0.415961	2.999806	6.360779	4.092498	0.000000	0.000000	0.000000	0.000000	0.000000	0.000000	0.000000	0.000000	0.000000	0.000000	0.000000	0.000000	0.000000	1791490879.409903	0.000000
96.000000	5.131614	4.657429	4.069249	2.848471	2.664193	1.868156	0.606560	1.366276	2.019615	2.404707	1.033694	2.227856	0.307096	0.837196	3.397544	2.466973	0.000000	0.000000	0.000000	0.000000	0.000000	0.000000	0.000000	0.000000	0.000000	0.000000	0.000000	0.000000	0.000000	1791490879.409913	0.000000
97.000000	-2.311517	0.280026	0.593385	2.002644	2.782096	2.102174	-0.464682	-3.772773	-1.335698	0.439283	0.515874	2.420732	1.085685	-1.626840	-1.500257	-0.583944	0.000000	0.000000	0.000000	0.000000	0.000000	0.000000	0.000000	0.000000	0.000000	0.000000	0.000000	0.000000	0.000000	1791490879.409923	0.000000
98.000000	-8.022211	-3.951068	-2.811756	0.352121	1.563500	1.260251	-1.111549	-6.330203	-3.662799	-1.480821	-0.005410	1.429302	1.517044	-2.848159	-5.044037	-2.977345	0.000000	0.000000	0.000000	0.000000	0.000000	0.000000	0.000000	0.000000	0.000000	0.000000	0.000000	0.000000	0.000000	1791490879.409938	0.000000
99.000000	-8.291615	-5.347807	-4.107565	-1.175038	-0.391725	-0.235982	-1.062709	-4.520874	-3.418513	-2.222472	-0.319566	-0.299018	1.209688	-2.202194	-5.039577	-3.214380	0.000000	0.000000	0.000000	0.000000	0.000000	0.000000	0.000000	0.000000	0.000000	0.000000	0.000000	0.000000	0.000000	1791490879.409948	0.000000
100.000000	-3.088300	-3.233829	-2.809700	-1.952677	-2.175815	-1.636357	-0.481092	0.445450	-0.850220	-1.553354	-0.479095	-1.952556	0.110294	-0.282914	-1.759697	-1.325581	0.000000	0.000000	0.000000	0.000000	0.000000	0.000000	0.000000	0.000000	0.000000	0.000000	0.000000	0.000000	0.000000	1791490879.409958	0.000000
101.000000	3.986814	0.743405	-0.090809	-1.839568	-2.947092	-2.217168	0.217651	5.162987	2.212617	-0.144429	-0.608813	-2.697852	-1.306944	1.588708	2.383715	1.251916	0.000000	0.000000	0.000000	0.000000	0.000000	0.000000	0.000000	0.000000	0.000000	0.000000	0.000000	0.000000	0.000000	1791490879.409967	0.000000
102.000000	8.167694	3.849421	2.186750	-1.044316	-2.285813	-1.641599	0.655111	6.351047	3.645347	1.010623	-0.682758	-2.078323	-2.206620	2.265833	4.570667	2.728577	0.000000	0.000000	0.000000	0.000000	0.000000	0.000000	0.000000	0.000000	0.000000	0.000000	0.000000	0.000000	0.000000	1791490879.409976	0.000000
103.000000	6.736428	4.143419	2.749336	0.095541	-0.417561	-0.156778	0.691135	3.124656	2.497231	1.291800	-0.504410	-0.295766	-1.891596	1.476196	3.485386	2.193478	0.000000	0.000000	0.000000	0.000000	0.000000	0.000000	0.000000	0.000000	0.000000	0.000000	0.000000	0.000000	0.000000	1791490879.409986	0.000000
104.000000	0.814032	1.709150	1.622369	1.221936	1.811184	1.489000	0.431505	-2.350622	-0.370773	0.779153	0.073359	1.799965	-0.333719	-0.106441	0.115558	0.180589	0.000000	0.000000	0.000000	0.000000	0.000000	0.000000	0.000000	0.000000	0.000000	0.000000	0.000000	0.000000	0.000000	1791490879.409995	0.000000
105.000000	-5.466138	-1.554610	-0.118721	1.954438	3.266073	2.404729	0.085659	-6.302258	-2.911189	0.044471	0.892921	3.081201	1.663648	-1.399771	-3.050991	-1.783879	0.000000	0.000000	0.000000	0.000000	0.000000	0.000000	0.000000	0.000000	0.000000	0.000000	0.000000	0.000000	0.000000	1791490879.410005	0.000000
106.000000	-7.816712	-3.359760	-1.253186	1.927022	3.081071	2.035123	-0.190520	-5.937436	-3.334781	-0.361617	1.466943	2.741127	2.869043	-1.646921	-3.815932	-2.298865	0.000000	0.000000	0.000000	0.000000	0.000000	0.000000	0.000000	0.000000	0.000000	0.000000	0.000000	0.000000	0.000000	1791490879.410014	0.000000
107.000000	-4.722908	-2.628147	-1.264290	0.965854	1.180479	0.504327	-0.354446	-1.405541	-1.364716	-0.310794	1.273597	0.809176	2.398747	-0.852309	-1.782152	-1.072058	0.000000	0.000000	0.000000	0.000000	0.000000	0.000000	0.000000	0.000000	0.000000	0.000000	0.000000	0.000000	0.000000	1791490879.410023	0.000000
108.000000	1.561826	-0.150138	-0.548474	-0.677093	-1.553980	-1.394130	-0.426687	4.238023	1.576497	-0.100992	0.187738	-1.750881	0.365429	0.326718	1.444845	0.914117	0.000000	0.000000	0.000000	0.000000	0.000000	0.000000	0.000000	0.000000	0.000000	0.000000	0.000000	0.000000	0.000000	1791490879.410033	0.000000
109.000000	6.617888	2.108917	0.076629	-2.265854	-3.653826	-2.599777	-0.408208	7.086175	3.377670	-0.107857	-1.291069	-3.498511	-2.077783	1.094926	3.465737	2.150078	0.000000	0.000000	0.000000	0.000000	0.000000	0.000000	0.000000	0.000000	0.000000	0.000000	0.000000	0.000000	0.000000	1791490879.410043	0.000000
110.000000	6.938999	2.499610	0.107890	-2.870791	-3.849689	-2.383165	-0.256717	5.074346	2.737200	-0.401877	-2.249336	-3.332889	-3.400670	1.049720	2.823786	1.709543	0.000000	0.000000	0.000000	0.000000	0.000000	0.000000	0.000000	0.000000	0.000000	0.000000	0.000000	0.000000	0.000000	1791490879.410053	0.000000
111.000000	2.356709	0.878179	-0.260571	-1.924577	-1.852114	-0.797160	0.051653	-0.538313	0.093585	-0.661416	-1.935120	-1.200909	-2.678738	0.373893	0.033500	-0.078283	0.000000	0.000000	0.000000	0.000000	0.000000	0.000000	0.000000	0.000000	0.000000	0.000000	0.000000	0.000000	0.000000	1791490879.410063	0.000000
112.000000	-3.864191	-1.354715	-0.387434	0.299578	1.364357	1.305880	0.437730	-5.957003	-2.672972	-0.461106	-0.327729	1.769334	-0.247673	-0.385910	-2.816951	-1.874842	0.000000	0.000000	0.000000	0.000000	0.000000	0.000000	0.000000	0.000000	0.000000	0.000000	0.000000	0.000000	0.000000	1791490879.410072	0.000000
113.000000	-7.320899	-2.366519	0.167769	2.669130	4.016944	2.733567	0.706935	-7.417772	-3.566477	0.300935	1.721395	3.859392	2.439857	-0.739571	-3.590861	-2.314290	0.000000	0.000000	0.000000	0.000000	0.000000	0.000000	0.000000	0.000000	0.000000	0.000000	0.000000	0.000000	0.000000	1791490879.410081	0.000000
114.000000	-5.560614	-1.315252	1.153588	3.758005	4.510506	2.640097	0.651357	-3.795965	-1.898813	1.204952	2.941256	3.770858	3.705108	-0.557566	-1.659152	-1.010022	0.000000	0.000000	0.000000	0.000000	0.000000	0.000000	0.000000	0.000000	0.000000	0.000000	0.000000	0.000000	0.000000	1791490879.410091	0.000000
115.000000	0.193152	0.986743	1.730202	2.720484	2.410267	1.036685	0.209518	2.550629	1.197678	1.545465	2.444126	1.449417	2.719484	-0.077495	1.625974	1.143461	0.000000	0.000000	0.000000	0.000000	0.000000	0.000000	0.000000	0.000000	0.000000	0.000000	0.000000	0.000000	0.000000	1791490879.410100	0.000000
116.000000	5.887034	2.676331	1.134576	-0.072238	-1.210487	-1.189061	-0.439274	7.327825	3.544318	0.866403	0.362842	-1.811995	0.057416	0.330872	3.882959	2.597082	0.000000	0.000000	0.000000	0.000000	0.000000	0.000000	0.000000	0.000000	0.000000	0.000000	0.000000	0.000000	0.000000	1791490879.410110	0.000000
117.000000	7.474175	2.274338	-0.596063	-3.100317	-4.309716	-2.771475	-0.939443	7.221073	3.445568	-0.601533	-2.129134	-4.098772	-2.649014	0.432894	3.407236	2.257424	0.000000	0.000000	0.000000	0.000000	0.000000	0.000000	0.000000	0.000000	0.000000	0.000000	0.000000	0.000000	0.000000	1791490879.410120	0.000000
118.000000	3.763883	-0.120493	-2.447837	-4.522055	-5.036274	-2.796282	-0.963747	2.193724	0.900505	-1.972195	-3.487316	-4.016642	-3.737223	0.243734	0.418362	0.285234	0.000000	0.000000	0.000000	0.000000	0.000000	0.000000	0.000000	0.000000	0.000000	0.000000	0.000000	0.000000	0.000000	1791490879.410129	0.000000
119.000000	-2.710358	-2.800466	-3.033158	-3.309891	-2.846128	-1.233439	-0.431637	-4.427957	-2.364199	-2.252587	-2.768639	-1.557553	-2.558949	-0.047643	-3.047917	-1.991714	0.000000	0.000000	0.000000	0.000000	0.000000	0.000000	0.000000	0.000000	0.000000	0.000000	0.000000	0.000000	0.000000	1791490879.410139	0.000000
120.000000	-7.427244	-3.659904	-1.611203	0.011985	1.101571	1.038167	0.406257	-8.176636	-4.078390	-1.062334	-0.287671	1.856033	0.127472	-0.244059	-4.543864	-2.995186	0.000000	0.000000	0.000000	0.000000	0.000000	0.000000	0.000000	0.000000	0.000000	0.000000	0.000000	0.000000	0.000000	1791490879.410148	0.000000
121.000000	-7.026962	-1.794772	1.211738	3.551486	4.548289	2.729070	1.086707	-6.477522	-3.012230	0.994945	2.498308	4.200677	2.656980	-0.259695	-2.933711	-1.998988	0.000000	0.000000	0.000000	0.000000	0.000000	0.000000	0.000000	0.000000	0.000000	0.000000	0.000000	0.000000	0.000000	1791490879.410158	0.000000
122.000000	-1.683339	1.698428	3.692593	5.129532	5.432791	2.875333	1.197609	-0.420465	0.149079	2.629958	3.855509	4.068295	3.513090	-0.129715	0.775600	0.358417	0.000000	0.000000	0.000000	0.000000	0.000000	0.000000	0.000000	0.000000	0.000000	0.000000	0.000000	0.000000	0.000000	1791490879.410167	0.000000
123.000000	4.968257	4.378107	4.047420	3.642776	3.136884	1.391391	0.631549	5.954437	3.261283	2.697500	2.873461	1.529498	2.256260	0.054440	4.093124	2.509815	0.000000	0.000000	0.000000	0.000000	0.000000	0.000000	0.000000	0.000000	0.000000	0.000000	0.000000	0.000000	0.000000	1791490879.410177	0.000000
124.000000	8.320586	4.170529	1.734414	-0.155461	-1.078805	-0.878465	-0.329276	8.381482	4.196599	1.011243	0.088547	-1.896285	-0.255017	0.206497	4.745264	3.031969	0.000000	0.000000	0.000000	0.000000	0.000000	0.000000	0.000000	0.000000	0.000000	0.000000	0.000000	0.000000	0.000000	1791490879.410187	0.000000
125.000000	5.988998	0.935667	-1.998443	-4.014223	-4.758207	-2.642128	-1.157638	5.249143	2.310789	-1.443509	-2.804684	-4.159333	-2.458426	0.263218	2.240915	1.602887	0.000000	0.000000	0.000000	0.000000	0.000000	0.000000	0.000000	0.000000	0.000000	0.000000	0.000000	0.000000	0.000000	1791490879.410196	0.000000
126.000000	-0.505837	-3.276619	-4.782300	-5.531420	-5.688887	-2.898603	-1.376523	-1.324786	-1.117493	-3.097313	-4.002985	-3.925870	-3.080856	0.183566	-1.782478	-0.810058	0.000000	0.000000	0.000000	0.000000	0.000000	0.000000	0.000000	0.000000	0.000000	0.000000	0.000000	0.000000	0.000000	1791490879.410205	0.000000
127.000000	-6.750488	-5.549069	-4.659144	-3.674344	-3.249139	-1.508613	-0.834060	-6.944872	-3.773254	-2.826186	-2.742503	-1.381326	-1.884632	-0.029071	-4.665231	-2.633900	0.000000	0.000000	0.000000	0.000000	0.000000	0.000000	0.000000	0.000000	0.000000	0.000000	0.000000	0.000000	0.000000	1791490879.410215	0.000000
128.000000	-8.464292	-4.133505	-1.471433	0.501115	1.164826	0.728009	0.199537	-7.911659	-3.892807	-0.733435	0.199991	1.903389	0.276606	-0.289715	-4.515446	-2.747112	0.000000	0.000000	0.000000	0.000000	0.000000	0.000000	0.000000	0.000000	0.000000	0.000000	0.000000	0.000000	0.000000	1791490879.410224	0.000000
129.000000	-4.449018	0.228340	2.881791	4.440069	4.929958	2.530802	1.168597	-3.684505	-1.449400	1.869259	2.989743	3.951656	2.067610	-0.437379	-1.459318	-1.181045	0.000000	0.000000	0.000000	0.000000	0.000000	0.000000	0.000000	0.000000	0.000000	0.000000	0.000000	0.000000	0.000000	1791490879.410233	0.000000
130.000000	2.581143	4.685842	5.590988	5.667812	5.766308	2.873080	1.530864	2.823537	1.868706	3.301852	3.898386	3.591263	2.510973	-0.322308	2.478085	0.979411	0.000000	0.000000	0.000000	0.000000	0.000000	0.000000	0.000000	0.000000	0.000000	0.000000	0.000000	0.000000	0.000000	1791490879.410243	0.000000
131.000000	7.862409	6.173615	4.784570	3.374319	3.141824	1.572256	1.058927	7.274306	3.843126	2.628218	2.398504	1.141330	1.520162	0.064079	4.747719	2.372049	0.000000	0.000000	0.000000	0.000000	0.000000	0.000000	0.000000	0.000000	0.000000	0.000000	0.000000	0.000000	0.000000	1791490879.410252	0.000000
132.000000	7.843888	3.543512	0.843887	-1.027647	-1.368624	-0.606758	-0.021188	6.833192	3.232560	0.288895	-0.518785	-1.838117	-0.163535	0.522316	3.956814	2.243551	0.000000	0.000000	0.000000	0.000000	0.000000	0.000000	0.000000	0.000000	0.000000	0.000000	0.000000	0.000000	0.000000	1791490879.410262	0.000000
133.000000	2.595242	-1.560101	-3.748861	-4.766446	-5.023662	-2.398010	-1.136040	1.998558	0.566181	-2.183684	-3.000299	-3.549267	-1.516185	0.730981	0.730564	0.853816	0.000000	0.000000	0.000000	0.000000	0.000000	0.000000	0.000000	0.000000	0.000000	0.000000	0.000000	0.000000	0.000000	1791490879.410271	0.000000
134.000000	-4.286685	-5.743326	-5.995205	-5.472953	-5.597487	-2.772885	-1.667035	-3.865530	-2.291952	-3.185521	-3.525541	-3.061497	-1.862077	0.464843	-2.782611	-0.815977	0.000000	0.000000	0.000000	0.000000	0.000000	0.000000	0.000000	0.000000	0.000000	0.000000	0.000000	0.000000	0.000000	1791490879.410280	0.000000
135.000000	-8.174589	-6.155195	-4.375252	-2.713067	-2.764131	-1.540329	-1.292809	-6.892140	-3.462180	-2.110582	-1.862333	-0.828398	-1.199150	-0.202083	-4.373547	-1.776516	0.000000	0.000000	0.000000	0.000000	0.000000	0.000000	0.000000	0.000000	0.000000	0.000000	0.000000	0.000000	0.000000	1791490879.410290	0.000000
136.000000	-6.559461	-2.461593	0.092899	1.714751	1.692009	0.544908	-0.184618	-5.296985	-2.311426	0.258456	0.829546	1.677089	-0.074246	-0.880067	-3.189284	-1.637268	0.000000	0.000000	0.000000	0.000000	0.000000	0.000000	0.000000	0.000000	0.000000	0.000000	0.000000	0.000000	0.000000	1791490879.410300	0.000000
137.000000	-0.685847	2.883098	4.482807	4.937964	4.991769	2.236675	1.065706	-0.435971	0.204346	2.305964	2.797959	2.937633	0.839924	-1.085952	-0.179372	-0.721149	0.000000	0.000000	0.000000	0.000000	0.000000	0.000000	0.000000	0.000000	0.000000	0.000000	0.000000	0.000000	0.000000	1791490879.410309	0.000000
138.000000	5.401482	6.285785	5.897056	4.888512	5.113539	2.549533	1.762472	4.294359	2.303568	2.699780	2.858225	2.331520	1.154964	-0.577946	2.652397	0.303379	0.000000	0.000000	0.000000	0.000000	0.000000	0.000000	0.000000	0.000000	0.000000	0.000000	0.000000	0.000000	0.000000	1791490879.410318	0.000000
139.000000	7.672218	5.466213	3.419804	1.666583	2.068717	1.352064	1.498136	5.847744	2.655951	1.290584	1.136178	0.443799	0.910144	0.425435	3.610364	0.925646	0.000000	0.000000	0.000000	0.000000	0.000000	0.000000	0.000000	0.000000	0.000000	0.000000	0.000000	0.000000	0.000000	1791490879.410328	0.000000
140.000000	4.811999	1.018443	-1.252630	-2.530147	-2.126763	-0.569295	0.395283	3.518570	1.250757	-0.831546	-1.092238	-1.413219	0.411338	1.319019	2.341981	1.046409	0.000000	0.000000	0.000000	0.000000	0.000000	0.000000	0.000000	0.000000	0.000000	0.000000	0.000000	0.000000	0.000000	1791490879.410337	0.000000
141.000000	-1.018231	-4.005519	-4.958526	-4.884726	-4.775087	-2.018547	-0.948081	-0.786051	-0.727234	-2.151563	-2.327354	-2.108328	-0.055135	1.471317	-0.099068	0.855113	0.000000	0.000000	0.000000	0.000000	0.000000	0.000000	0.000000	0.000000	0.000000	0.000000	0.000000	0.000000	0.000000	1791490879.410347	0.000000
142.000000	-5.801868	-6.206050	-5.228648	-3.864920	-4.253948	-2.147998	-1.787475	-4.052984	-1.854687	-1.820807	-1.875568	-1.402616	-0.394751	0.660282	-2.098235	0.528039	0.000000	0.000000	0.000000	0.000000	0.000000	0.000000	0.000000	0.000000	0.000000	0.000000	0.000000	0.000000	0.000000	1791490879.410356	0.000000
143.000000	-6.458786	-4.171013	-1.971956	-0.259431	-1.051687	-0.978252	-1.651405	-4.284759	-1.506740	-0.234151	-0.263804	-0.003609	-0.654043	-0.711752	-2.570355	0.065393	0.000000	0.000000	0.000000	0.000000	0.000000	0.000000	0.000000	0.000000	0.000000	0.000000	0.000000	0.000000	0.000000	1791490879.410377	0.000000
144.000000	-2.853301	0.590071	2.486379	3.378807	2.607918	0.656400	-0.609076	-1.734508	-0.211021	1.318968	1.228325	1.027998	-0.840028	-1.804787	-1.545860	-0.585925	0.000000	0.000000	0.000000	0.000000	0.000000	0.000000	0.000000	0.000000	0.000000	0.000000	0.000000	0.000000	0.000000	1791490879.410386	0.000000
145.000000	2.305035	4.746856	5.045340	4.514822	4.294000	1.692033	0.769257	1.515850	0.886862	1.655621	1.547236	1.062889	-0.812616	-1.853702	0.058422	-1.278201	0.000000	0.000000	0.000000	0.000000	0.000000	0.000000	0.000000	0.000000	0.000000	0.000000	0.000000	0.000000	0.000000	1791490879.410396	0.000000
146.000000	5.476611	5.486408	3.995395	2.404715	3.005518	1.543893	1.732122	3.190349	0.972130	0.594429	0.622128	0.307682	-0.382083	-0.696263	1.199954	-1.584352	0.000000	0.000000	0.000000	0.000000	0.000000	0.000000	0.000000	0.000000	0.000000	0.000000	0.000000	0.000000	0.000000	1791490879.410412	0.000000
147.000000	4.734222	2.439863	0.189386	-1.387540	-0.200855	0.456314	1.760006	2.415162	0.167712	-0.929100	-0.650587	-0.443790	0.452732	1.044427	1.399786	-1.057504	0.000000	0.000000	0.000000	0.000000	0.000000	0.000000	0.000000	0.000000	0.000000	0.000000	0.000000	0.000000	0.000000	1791490879.410422	0.000000
148.000000	0.941871	-2.133936	-3.600166	-4.105202	-3.008065	-0.730254	0.842457	0.157731	-0.650760	-1.611301	-1.159452	-0.494791	1.345464	2.290079	0.900310	0.329486	0.000000	0.000000	0.000000	0.000000	0.000000	0.000000	0.000000	0.000000	0.000000	0.000000	0.000000	0.000000	0.000000	1791490879.410431	0.000000
149.000000	-3.053247	-4.997400	-4.671494	-3.769269	-3.487513	-1.207231	-0.525094	-1.696954	-0.646831	-0.822649	-0.477396	0.174177	1.716200	2.180682	0.280831	1.942780	0.000000	0.000000	0.000000	0.000000	0.000000	0.000000	0.000000	0.000000	0.000000	0.000000	0.000000	0.000000	0.000000	1791490879.410441	0.000000
150.000000	-4.527240	-4.222154	-2.313501	-0.608316	-1.436085	-0.760776	-1.613082	-1.841135	0.236543	0.859360	0.790637	0.886167	1.127913	0.666845	-0.077281	2.739127	0.000000	0.000000	0.000000	0.000000	0.000000	0.000000	0.000000	0.000000	0.000000	0.000000	0.000000	0.000000	0.000000	1791490879.410450	0.000000
151.000000	-2.741122	-0.499293	1.707648	3.081713	1.533948	0.129625	-1.846017	-0.460984	1.198034	2.056041	1.488073	0.834920	-0.319293	-1.388044	-0.227731	1.943639	0.000000	0.000000	0.000000	0.000000	0.000000	0.000000	0.000000	0.000000	0.000000	0.000000	0.000000	0.000000	0.000000	1791490879.410460	0.000000
152.000000	0.716270	3.423433	4.434338	4.569515	3.199114	0.707742	-1.101576	1.062389	1.238482	1.651910	0.852774	-0.197620	-1.895809	-2.705283	-0.453406	-0.291027	0.000000	0.000000	0.000000	0.000000	0.000000	0.000000	0.000000	0.000000	0.000000	0.000000	0.000000	0.000000	0.000000	1791490879.410470	0.000000
153.000000	3.235871	4.738208	3.853983	2.666815	2.350522	0.542790	0.230351	1.354586	0.041945	-0.277331	-0.803133	-1.550413	-2.601237	-2.398925	-0.858143	-2.769740	0.000000	0.000000	0.000000	0.000000	0.000000	0.000000	0.000000	0.000000	0.000000	0.000000	0.000000	0.000000	0.000000	1791490879.410479	0.000000
154.000000	3.115754	2.570927	0.360117	-1.360882	-0.330586	-0.145536	1.452399	0.177730	-1.640337	-2.399885	-2.232824	-2.098120	-1.804495	-0.575815	-1.153950	-3.885101	0.000000	0.000000	0.000000	0.000000	0.000000	0.000000	0.000000	0.000000	0.000000	0.000000	0.000000	0.000000	0.000000	1791490879.410489	0.000000
155.000000	0.706928	-1.435008	-3.510808	-4.632598	-2.782109	-0.686879	1.920439	-1.390466	-2.462574	-3.037784	-2.162541	-1.116538	0.248269	1.683169	-0.864099	-2.665452	0.000000	0.000000	0.000000	0.000000	0.000000	0.000000	0.000000	0.000000	0.000000	0.000000	0.000000	0.000000	0.000000	1791490879.410498	0.000000
156.000000	-1.989978	-4.335656	-4.892453	-4.686165	-3.091438	-0.527455	1.377380	-1.855607	-1.514994	-1.434404	-0.321159	1.037123	2.444776	2.978085	0.201007	0.446367	0.000000	0.000000	0.000000	0.000000	0.000000	0.000000	0.000000	0.000000	0.000000	0.000000	0.000000	0.000000	0.000000	1791490879.410507	0.000000
157.000000	-2.900305	-4.016400	-2.668094	-1.283501	-0.935518	0.283479	0.091280	-0.571699	0.855846	1.551345	2.197690	2.992757	3.411397	2.474741	1.602198	3.678858	0.000000	0.000000	0.000000	0.000000	0.000000	0.000000	0.000000	0.000000	0.000000	0.000000	0.000000	0.000000	0.000000	1791490879.410517	0.000000
158.000000	-1.421417	-0.708707	1.674011	3.317885	2.132966	1.087294	-1.273331	1.634812	3.113035	3.898900	3.588912	3.239296	2.381926	0.449291	2.413780	4.944985	0.000000	0.000000	0.000000	0.000000	0.000000	0.000000	0.000000	0.000000	0.000000	0.000000	0.000000	0.000000	0.000000	1791490879.410527	0.000000
159.000000	1.189170	3.182945	5.045518	5.874692	3.790506	1.123217	-1.990334	3.009574	3.533684	3.794125	2.613889	1.246210	-0.224022	-1.867096	1.838144	3.199780	0.000000	0.000000	0.000000	0.000000	0.000000	0.000000	0.000000	0.000000	0.000000	0.000000	0.000000	0.000000	0.000000	1791490879.410537	0.000000
160.000000	2.824321	4.811036	4.937669	4.430038	2.656908	0.169660	-1.651665	2.213851	1.487602	0.982124	-0.396428	-1.979946	-2.938367	-3.054885	-0.119351	-0.749388	0.000000	0.000000	0.000000	0.000000	0.000000	0.000000	0.000000	0.000000	0.000000	0.000000	0.000000	0.000000	0.000000	1791490879.410547	0.000000
161.000000	2.149262	2.933563	1.241958	-0.241899	-0.628844	-1.192734	-0.400778	-0.538022	-1.943246	-2.884023	-3.587989	-4.391855	-4.084355	-2.396884	-2.446136	-4.586170	0.000000	0.000000	0.000000	0.000000	0.000000	0.000000	0.000000	0.000000	0.000000	0.000000	0.000000	0.000000	0.000000	1791490879.410556	0.000000
162.000000	-0.375440	-1.176205	-3.588828	-5.062389	-3.779451	-1.941574	1.113903	-3.446223	-4.530573	-5.229699	-4.743693	-4.213625	-2.828773	-0.319851	-3.636819	-5.857663	0.000000	0.000000	0.000000	0.000000	0.000000	0.000000	0.000000	0.000000	0.000000	0.000000	0.000000	0.000000	0.000000	1791490879.410566	0.000000
163.000000	-2.821843	-4.606391	-6.187510	-6.699950	-4.452732	-1.368053	2.064859	-4.315112	-4.356720	-4.280102	-2.817765	-1.217408	0.225262	1.891922	-2.670663	-3.552013	0.000000	0.000000	0.000000	0.000000	0.000000	0.000000	0.000000	0.000000	0.000000	0.000000	0.000000	0.000000	0.000000	1791490879.410576	0.000000
164.000000	-3.232663	-4.857651	-4.608989	-3.864506	-1.954509	0.326234	1.895235	-2.172187	-1.203851	-0.360682	1.215753	2.939433	3.320092	2.912549	0.182545	1.138309	0.000000	0.000000	0.000000	0.000000	0.000000	0.000000	0.000000	0.000000	0.000000	0.000000	0.000000	0.000000	0.000000	1791490879.410586	0.000000
165.000000	-1.113958	-1.629673	0.260981	1.733301	2.170101	2.065480	0.650343	1.857567	3.114087	4.155701	4.849720	5.639839	4.572492	2.187169	3.334720	5.423517	0.000000	0.000000	0.000000	0.000000	0.000000	0.000000	0.000000	0.000000	0.000000	0.000000	0.000000	0.000000	0.000000	1791490879.410595	0.000000
166.000000	2.121947	2.916319	5.221882	6.444377	5.117196	2.598124	-1.009646	5.135671	5.801925	6.305916	5.624786	4.970450	3.135659	0.231648	4.765484	6.591342	0.000000	0.000000	0.000000	0.000000	0.000000	0.000000	0.000000	0.000000	0.000000	0.000000	0.000000	0.000000	0.000000	1791490879.410604	0.000000
167.000000	4.114648	5.620817	6.883551	7.084439	4.737165	1.393419	-2.151943	5.252467	4.903366	4.489979	2.792884	1.055292	-0.232795	-1.740805	3.326508	3.734232	0.000000	0.000000	0.000000	0.000000	0.000000	0.000000	0.000000	0.000000	0.000000	0.000000	0.000000	0.000000	0.000000	1791490879.410614	0.000000
168.000000	3.254691	4.516260	3.977874	3.082442	1.071788	-0.903422	-2.096260	1.768707	0.700317	-0.371322	-2.060795	-3.857204	-3.574186	-2.591256	-0.383926	-1.576728	0.000000	0.000000	0.000000	0.000000	0.000000	0.000000	0.000000	0.000000	0.000000	0.000000	0.000000	0.000000	0.000000	1791490879.410624	0.000000
169.000000	-0.086064	0.230093	-1.714516	-3.070633	-3.565895	-2.817400	-0.824523	-3.284930	-4.295938	-5.294563	-5.915121	-6.697423	-4.882435	-1.919314	-4.220192	-6.155669	0.000000	0.000000	0.000000	0.000000	0.000000	0.000000	0.000000	0.000000	0.000000	0.000000	0.000000	0.000000	0.000000	1791490879.410633	0.000000
170.000000	-3.699670	-4.385748	-6.479654	-7.400134	-6.073974	-3.003365	0.975164	-6.601069	-6.857412	-7.084633	-6.212727	-5.503593	-3.317782	-0.227471	-5.738899	-7.127533	0.000000	0.000000	0.000000	0.000000	0.000000	0.000000	0.000000	0.000000	0.000000	0.000000	0.000000	0.000000	0.000000	1791490879.410643	0.000000
171.000000	-5.017742	-6.171324	-7.115333	-7.037764	-4.644198	-1.189516	2.275466	-5.775557	-5.138353	-4.419072	-2.556958	-0.760485	0.256849	1.456298	-3.765647	-3.743547	0.000000	0.000000	0.000000	0.000000	0.000000	0.000000	0.000000	0.000000	0.000000	0.000000	0.000000	0.000000	0.000000	1791490879.410652	0.000000
172.000000	-2.924350	-3.824146	-3.086735	-2.126789	-0.046554	1.551927	2.292244	-1.030838	0.010344	1.197079	2.915957	4.752462	3.752884	2.208660	0.729018	2.063164	0.000000	0.000000	0.000000	0.000000	0.000000	0.000000	0.000000	0.000000	0.000000	0.000000	0.000000	0.000000	0.000000	1791490879.410661	0.000000
173.000000	1.364999	1.170158	3.057530	4.222132	4.783170	3.439385	0.954266	4.740568	5.437828	6.281268	6.791728	7.593572	5.078912	1.702352	5.079283	6.781408	0.000000	0.000000	0.000000	0.000000	0.000000	0.000000	0.000000	0.000000	0.000000	0.000000	0.000000	0.000000	0.000000	1791490879.410671	0.000000
174.000000	5.021288	5.495949	7.317571	7.921194	6.633573	3.146333	-1.017214	7.754591	7.636116	7.548492	6.518903	5.813054	3.393708	0.312727	6.513468	7.455963	0.000000	0.000000	0.000000	0.000000	0.000000	0.000000	0.000000	0.000000	0.000000	0.000000	0.000000	0.000000	0.000000	1791490879.410680	0.000000
175.000000	5.485076	6.226460	6.867955	6.559577	4.162475	0.732902	-2.486896	5.834152	5.023223	4.046565	2.091270	0.281949	-0.357784	-1.155147	3.933284	3.550563	0.000000	0.000000	0.000000	0.000000	0.000000	0.000000	0.000000	0.000000	0.000000	0.000000	0.000000	0.000000	0.000000	1791490879.410689	0.000000
176.000000	2.252809	2.811172	1.943640	0.988730	-1.138227	-2.306463	-2.550092	-0.031166	-0.928042	-2.141352	-3.835288	-5.702092	-3.965074	-1.921493	-1.265205	-2.639860	0.000000	0.000000	0.000000	0.000000	0.000000	0.000000	0.000000	0.000000	0.000000	0.000000	0.000000	0.000000	0.000000	1791490879.410699	0.000000
177.000000	-2.674366	-2.518433	-4.276676	-5.208318	-5.843045	-3.965402	-1.083074	-6.171725	-6.513359	-7.135865	-7.534879	-8.378682	-5.247572	-1.620346	-5.929752	-7.334620	0.000000	0.000000	0.000000	0.000000	0.000000	0.000000	0.000000	0.000000	0.000000	0.000000	0.000000	0.000000	0.000000	1791490879.410708	0.000000
178.000000	-6.040729	-6.216216	-7.733769	-8.031318	-6.813148	-3.048060	1.133035	-8.545497	-8.113298	-7.702911	-6.558420	-5.890109	-3.370278	-0.448989	-7.068549	-7.581305	0.000000	0.000000	0.000000	0.000000	0.000000	0.000000	0.000000	0.000000	0.000000	0.000000	0.000000	0.000000	0.000000	1791490879.410718	0.000000
179.000000	-5.496754	-5.791546	-6.151970	-5.661615	-3.295082	-0.021524	2.817581	-5.408044	-4.547707	-3.356921	-1.357343	0.438488	0.609445	0.958315	-3.777190	-3.120732	0.000000	0.000000	0.000000	0.000000	0.000000	0.000000	0.000000	0.000000	0.000000	0.000000	0.000000	0.000000	0.000000	1791490879.410728	0.000000
180.000000	-1.236380	-1.496207	-0.551832	0.347180	2.502826	3.199823	2.920065	1.418061	2.063417	3.241975	4.888609	6.776791	4.319104	1.850322	2.063421	3.374454	0.000000	0.000000	0.000000	0.000000	0.000000	0.000000	0.000000	0.000000	0.000000	0.000000	0.000000	0.000000	0.000000	1791490879.410738	0.000000
181.000000	4.022501	3.814461	5.397025	6.073007	6.787971	4.453531	1.263521	7.584769	7.549651	7.907522	8.205408	9.098355	5.468723	1.728356	6.839183	7.887626	0.000000	0.000000	0.000000	0.000000	0.000000	0.000000	0.000000	0.000000	0.000000	0.000000	0.000000	0.000000	0.000000	1791490879.410747	0.000000
182.000000	6.771413	6.574947	7.777442	7.782773	6.660612	2.766478	-1.286575	8.987833	8.320561	7.583679	6.352015	5.736994	3.258266	0.609568	7.432882	7.538629	0.000000	0.000000	0.000000	0.000000	0.000000	0.000000	0.000000	0.000000	0.000000	0.000000	0.000000	0.000000	0.000000	1791490879.410757	0.000000
183.000000	5.055229	4.905491	5.012268	4.378925	2.076078	-0.916365	-3.262623	4.502263	3.720390	2.353944	0.336456	-1.429457	-1.063689	-0.942058	3.263911	2.429877	0.000000	0.000000	0.000000	0.000000	0.000000	0.000000	0.000000	0.000000	0.000000	0.000000	0.000000	0.000000	0.000000	1791490879.410766	0.000000
184.000000	-0.138183	-0.097664	-1.073203	-1.873032	-4.033920	-4.242320	-3.427726	-3.138420	-3.437078	-4.519625	-6.104321	-8.001240	-4.879435	-2.064717	-3.196429	-4.327426	0.000000	0.000000	0.000000	0.000000	0.000000	0.000000	0.000000	0.000000	0.000000	0.000000	0.000000	0.000000	0.000000	1791490879.410776	0.000000
185.000000	-5.425494	-5.065605	-6.437432	-6.830500	-7.625105	-4.938629	-1.535799	-8.989797	-8.575189	-8.619603	-8.815423	-9.750177	-5.770251	-2.048352	-7.863714	-8.490276	0.000000	0.000000	0.000000	0.000000	0.000000	0.000000	0.000000	0.000000	0.000000	0.000000	0.000000	0.000000	0.000000	1791490879.410785	0.000000
186.000000	-7.223034	-6.610289	-7.496090	-7.210706	-6.211223	-2.345796	1.440022	-9.089648	-8.277363	-7.211611	-5.904375	-5.342272	-3.046464	-0.772080	-7.614497	-7.344154	0.000000	0.000000	0.000000	0.000000	0.000000	0.000000	0.000000	0.000000	0.000000	0.000000	0.000000	0.000000	0.000000	1791490879.410795	0.000000
187.000000	-4.171421	-3.628406	-3.518283	-2.772999	-0.578372	2.029587	3.793154	-3.138589	-2.560982	-1.072539	0.941050	2.667769	1.728418	1.134433	-2.378151	-1.479929	0.000000	0.000000	0.000000	0.000000	0.000000	0.000000	0.000000	0.000000	0.000000	0.000000	0.000000	0.000000	0.000000	1791490879.410804	0.000000
188.000000	1.845930	1.907103	2.858320	3.511307	5.638560	5.379977	4.053602	5.144266	5.013871	5.919188	7.416887	9.303494	5.615220	2.564027	4.657060	5.482177	0.000000	0.000000	0.000000	0.000000	0.000000	0.000000	0.000000	0.000000	0.000000	0.000000	0.000000	0.000000	0.000000	1791490879.410814	0.000000
189.000000	6.846087	6.235778	7.360445	7.430624	8.298826	5.390586	1.896638	10.331638	9.552662	9.229502	9.308340	10.263129	6.101004	2.553399	8.966826	9.116403	0.000000	0.000000	0.000000	0.000000	0.000000	0.000000	0.000000	0.000000	0.000000	0.000000	0.000000	0.000000	0.000000	1791490879.410823	0.000000
190.000000	7.370277	6.343919	6.927272	6.343966	5.504764	1.816601	-1.567914	8.835486	7.984539	6.606691	5.231825	4.711665	2.722093	0.917383	7.591667	7.000334	0.000000	0.000000	0.000000	0.000000	0.000000	0.000000	0.000000	0.000000	0.000000	0.000000	0.000000	0.000000	0.000000	1791490879.410833	0.000000
191.000000	2.864616	2.043828	1.779827	0.956420	-1.067865	-3.223582	-4.354865	1.374092	1.131324	-0.395006	-2.373635	-4.050252	-2.543294	-1.516604	1.157279	0.325480	0.000000	0.000000	0.000000	0.000000	0.000000	0.000000	0.000000	0.000000	0.000000	0.000000	0.000000	0.000000	0.000000	1791490879.410843	0.000000
192.000000	-3.814597	-3.827082	-4.682320	-5.133290	-7.179631	-6.507414	-4.739986	-7.328866	-6.701860	-7.332868	-8.705795	-10.552014	-6.426434	-3.296246	-6.357986	-6.758855	0.000000	0.000000	0.000000	0.000000	0.000000	0.000000	0.000000	0.000000	0.000000	0.000000	0.000000	0.000000	0.000000	1791490879.410853	0.000000
193.000000	-8.195890	-7.264504	-8.113927	-7.822030	-8.762772	-5.766938	-2.322223	-11.523037	-10.424480	-9.692575	-9.633961	-10.578082	-6.396311	-3.195383	-10.068403	-9.716300	0.000000	0.000000	0.000000	0.000000	0.000000	0.000000	0.000000	0.000000	0.000000	0.000000	0.000000	0.000000	0.000000	1791490879.410862	0.000000
194.000000	-7.170189	-5.802487	-6.124188	-5.246523	-4.613357	-1.228740	1.643784	-8.217466	-7.459901	-5.818126	-4.387726	-3.899546	-2.303224	-1.036280	-7.346007	-6.521254	0.000000	0.000000	0.000000	0.000000	0.000000	0.000000	0.000000	0.000000	0.000000	0.000000	0.000000	0.000000	0.000000	1791490879.410878	0.000000
195.000000	-1.177259	-0.251162	0.081267	0.942941	2.734337	4.398642	4.894116	0.711080	0.487628	1.943762	3.848663	5.458174	3.427788	2.057164	0.339200	0.964248	0.000000	0.000000	0.000000	0.000000	0.000000	0.000000	0.000000	0.000000	0.000000	0.000000	0.000000	0.000000	0.000000	1791490879.410888	0.000000
196.000000	5.930755	5.745603	6.434403	6.641516	8.566859	7.551031	5.448371	9.566209	8.405213	8.668975	9.876764	11.652495	7.233203	4.215719	8.186589	8.069006	0.000000	0.000000	0.000000	0.000000	0.000000	0.000000	0.000000	0.000000	0.000000	0.000000	0.000000	0.000000	0.000000	1791490879.410897	0.000000
197.000000	9.361501	8.097196	8.665833	7.999543	9.016607	6.064082	2.809096	12.467265	11.135560	9.983363	9.771430	10.682017	6.625276	3.936855	11.062856	10.229017	0.000000	0.000000	0.000000	0.000000	0.000000	0.000000	0.000000	0.000000	0.000000	0.000000	0.000000	0.000000	0.000000	1791490879.410907	0.000000
198.000000	6.600659	5.030888	5.150646	3.997100	3.607876	0.629906	-1.654480	7.244583	6.729598	4.899461	3.428649	2.966246	1.808154	1.102572	6.854926	5.916178	0.000000	0.000000	0.000000	0.000000	0.000000	0.000000	0.000000	0.000000	0.000000	0.000000	0.000000	0.000000	0.000000	1791490879.410916	0.000000
199.000000	-0.784476	-1.626021	-1.949066	-2.826164	-4.342457	-5.509547	-5.410049	-2.986881	-2.193627	-3.475867	-5.277304	-6.813859	-4.347283	-2.770846	-2.015727	-2.303529	0.000000	0.000000	0.000000	0.000000	0.000000	0.000000	0.000000	0.000000	0.000000	0.000000	0.000000	0.000000	0.000000	1791490879.410926	0.000000
200.000000	-8.030285	-7.546945	-8.027170	-7.988365	-9.771226	-8.503637	-6.192860	-11.691988	-10.012454	-9.852200	-10.872231	-12.567623	-8.011314	-5.311587	-9.985507	-9.303940	0.000000	0.000000	0.000000	0.000000	0.000000	0.000000	0.000000	0.000000	0.000000	0.000000	0.000000	0.000000	0.000000	1791490879.410935	0.000000
201.000000	-10.251507	-8.715492	-9.017412	-7.994110	-9.091282	-6.302410	-3.360047	-13.094909	-11.649567	-10.099936	-9.727454	-10.593320	-6.773141	-4.726095	-11.846625	-10.601312	0.000000	0.000000	0.000000	0.000000	0.000000	0.000000	0.000000	0.000000	0.000000	0.000000	0.000000	0.000000	0.000000	1791490879.410945	0.000000
202.000000	-5.716792	-4.118780	-4.087147	-2.670395	-2.542479	-0.033557	1.629932	-5.995707	-5.857702	-3.912991	-2.404015	-1.954240	-1.219269	-1.037643	-6.144000	-5.220663	0.000000	0.000000	0.000000	0.000000	0.000000	0.000000	0.000000	0.000000	0.000000	0.000000	0.000000	0.000000	0.000000	1791490879.410954	0.000000
203.000000	2.864090	3.465407	3.729650	4.633607	5.857757	6.563314	5.948787	5.291626	3.876946	4.920054	6.612895	8.088869	5.315753	3.710571	3.743567	3.604483	0.000000	0.000000	0.000000	0.000000	0.000000	0.000000	0.000000	0.000000	0.000000	0.000000	0.000000	0.000000	0.000000	1791490879.410964	0.000000
204.000000	9.969793	9.161984	9.413780	9.157923	10.788965	9.372115	6.990327	13.576499	11.446106	10.847249	11.671117	13.291140	8.747019	6.556974	11.616505	10.386588	0.000000	0.000000	0.000000	0.000000	0.000000	0.000000	0.000000	0.000000	0.000000	0.000000	0.000000	0.000000	0.000000	1791490879.410973	0.000000
205.000000	10.824898	9.130245	9.181445	7.823179	8.999693	6.469544	3.938221	13.380676	11.957943	10.046147	9.500790	10.315737	6.794514	5.460351	12.355179	10.804150	0.000000	0.000000	0.000000	0.000000	0.000000	0.000000	0.000000	0.000000	0.000000	0.000000	0.000000	0.000000	0.000000	1791490879.410982	0.000000
206.000000	4.589665	3.125046	2.980606	1.301092	1.439649	-0.575865	-1.629394	4.545438	4.888271	2.880996	1.324618	0.873880	0.496816	0.739965	5.245652	4.451852	0.000000	0.000000	0.000000	0.000000	0.000000	0.000000	0.000000	0.000000	0.000000	0.000000	0.000000	0.000000	0.000000	1791490879.410992	0.000000
207.000000	-4.936577	-5.203886	-5.371461	-6.317552	-7.242591	-7.546131	-6.532800	-7.508588	-5.478473	-6.249985	-7.831343	-9.260480	-6.323277	-4.889035	-5.427810	-4.825847	0.000000	0.000000	0.000000	0.000000	0.000000	0.000000	0.000000	0.000000	0.000000	0.000000	0.000000	0.000000	0.000000	1791490879.411001	0.000000
208.000000	-11.644578	-10.544346	-10.553808	-10.101031	-11.575324	-10.111737	-7.802081	-15.125315	-12.658080	-11.624997	-12.239984	-13.794247	-9.382306	-7.860821	-12.980283	-11.271555	0.000000	0.000000	0.000000	0.000000	0.000000	0.000000	0.000000	0.000000	0.000000	0.000000	0.000000	0.000000	0.000000	1791490879.411011	0.000000
209.000000	-11.043805	-9.315334	-9.137776	-7.468899	-8.723572	-6.529968	-4.479069	-13.290721	-12.032121	-9.793315	-9.067789	-9.835378	-6.634880	-6.018403	-12.532414	-10.799232	0.000000	0.000000	0.000000	0.000000	0.000000	0.000000	0.000000	0.000000	0.000000	0.000000	0.000000	0.000000	0.000000	1791490879.411020	0.000000
210.000000	-3.257994	-2.051665	-1.842072	0.071132	-0.335934	1.185331	1.685710	-2.928449	-3.817498	-1.791775	-0.198202	0.259117	0.359141	-0.154975	-4.168785	-3.590144	0.000000	0.000000	0.000000	0.000000	0.000000	0.000000	0.000000	0.000000	0.000000	0.000000	0.000000	0.000000	0.000000	1791490879.411029	0.000000
211.000000	6.907468	6.800949	6.830355	7.800267	8.422124	8.401999	7.137008	9.552201	6.969505	7.443025	8.892860	10.290991	7.314118	6.253731	7.001675	5.953589	0.000000	0.000000	0.000000	0.000000	0.000000	0.000000	0.000000	0.000000	0.000000	0.000000	0.000000	0.000000	0.000000	1791490879.411038	0.000000
212.000000	12.954128	11.626978	11.392578	10.760531	12.073638	10.669355	8.567823	16.246167	13.592902	12.136339	12.536157	14.042760	9.854137	9.106882	13.990002	11.911479	0.000000	0.000000	0.000000	0.000000	0.000000	0.000000	0.000000	0.000000	0.000000	0.000000	0.000000	0.000000	0.000000	1791490879.411048	0.000000
213.000000	10.864249	9.219434	8.859369	6.939283	8.270568	6.475381	4.934206	12.783242	11.822257	9.303686	8.421522	9.147665	6.276973	6.309615	12.327694	10.536884	0.000000	0.000000	0.000000	0.000000	0.000000	0.000000	0.000000	0.000000	0.000000	0.000000	0.000000	0.000000	0.000000	1791490879.411057	0.000000
214.000000	1.767821	0.905699	0.695220	-1.382198	-0.702750	-1.755782	-1.802130	1.184813	2.641349	0.654752	-0.934276	-1.412214	-1.307303	-0.716283	2.935877	2.624450	0.000000	0.000000	0.000000	0.000000	0.000000	0.000000	0.000000	0.000000	0.000000	0.000000	0.000000	0.000000	0.000000	1791490879.411066	0.000000
215.000000	-8.668286	-8.188765	-8.046065	-9.011022	-9.323710	-9.079071	-7.723091	-11.324516	-8.299502	-8.446572	-9.738996	-11.131562	-8.223897	-7.718132	-8.386352	-6.950420	0.000000	0.000000	0.000000	0.000000	0.000000	0.000000	0.000000	0.000000	0.000000	0.000000	0.000000	0.000000	0.000000	1791490879.411076	0.000000
216.000000	-13.801484	-12.329856	-11.877764	-11.106861	-12.258864	-11.020802	-9.241265	-16.849646	-14.183490	-12.329737	-12.532441	-14.008938	-10.127286	-10.193026	-14.570750	-12.253780	0.000000	0.000000	0.000000	0.000000	0.000000	0.000000	0.000000	0.000000	0.000000	0.000000	0.000000	0.000000	0.000000	1791490879.411085	0.000000
217.000000	-10.270463	-8.815982	-8.345640	-6.263132	-7.680552	-6.324249	-5.284027	-11.841399	-11.300235	-8.572724	-7.591632	-8.271622	-5.741818	-6.292478	-11.725968	-9.995007	0.000000	0.000000	0.000000	0.000000	0.000000	0.000000	0.000000	0.000000	0.000000	0.000000	0.000000	0.000000	0.000000	1791490879.411094	0.000000
218.000000	-0.201528	0.257591	0.400605	2.563509	1.601372	2.244789	1.962944	0.611160	-1.397936	0.477982	2.002599	2.526508	2.286902	1.829250	-1.604609	-1.584620	0.000000	0.000000	0.000000	0.000000	0.000000	0.000000	0.000000	0.000000	0.000000	0.000000	0.000000	0.000000	0.000000	1791490879.411104	0.000000
219.000000	10.090739	9.268013	8.939478	9.885417	9.892441	9.546126	8.261435	12.704147	9.387342	9.185943	10.304043	11.720904	8.997576	9.190924	9.487608	7.751989	0.000000	0.000000	0.000000	0.000000	0.000000	0.000000	0.000000	0.000000	0.000000	0.000000	0.000000	0.000000	0.000000	1791490879.411113	0.000000
220.000000	14.104699	12.588369	11.974783	11.126657	12.139967	11.172065	9.809654	16.852676	14.366040	12.164737	12.215548	13.676465	10.194820	11.052427	14.658028	12.247762	0.000000	0.000000	0.000000	0.000000	0.000000	0.000000	0.000000	0.000000	0.000000	0.000000	0.000000	0.000000	0.000000	1791490879.411122	0.000000
221.000000	9.293605	8.132222	7.644011	5.494778	7.025201	6.117444	5.543560	10.489405	10.476293	7.635397	6.637724	7.260011	5.080060	5.975176	10.749362	9.185715	0.000000	0.000000	0.000000	0.000000	0.000000	0.000000	0.000000	0.000000	0.000000	0.000000	0.000000	0.000000	0.000000	1791490879.411132	0.000000
222.000000	-1.313463	-1.334935	-1.346252	-3.530740	-2.280697	-2.611443	-2.146818	-2.335305	0.175513	-1.511008	-2.908449	-3.509466	-3.225041	-3.108545	0.280596	0.550437	0.000000	0.000000	0.000000	0.000000	0.000000	0.000000	0.000000	0.000000	0.000000	0.000000	0.000000	0.000000	0.000000	1791490879.411141	0.000000
223.000000	-11.046912	-9.941980	-9.443777	-10.382273	-10.114325	-9.806555	-8.757122	-13.557150	-10.132122	-9.579877	-10.529251	-11.999911	-9.599042	-10.590893	-10.194481	-8.270660	0.000000	0.000000	0.000000	0.000000	0.000000	0.000000	0.000000	0.000000	0.000000	0.000000	0.000000	0.000000	0.000000	1791490879.411150	0.000000
224.000000	-13.834298	-12.393292	-11.712452	-10.864406	-11.789561	-11.178957	-10.308766	-16.216535	-14.112303	-11.647818	-11.622151	-13.074200	-10.090789	-11.663885	-14.229233	-11.876732	0.000000	0.000000	0.000000	0.000000	0.000000	0.000000	0.000000	0.000000	0.000000	0.000000	0.000000	0.000000	0.000000	1791490879.411160	0.000000
225.000000	-8.022308	-7.252403	-6.854237	-4.724812	-6.400330	-5.913704	-5.742369	-8.814657	-9.420135	-6.582933	-5.661975	-6.207551	-4.368710	-5.411257	-9.484571	-8.182342	0.000000	0.000000	0.000000	0.000000	0.000000	0.000000	0.000000	0.000000	0.000000	0.000000	0.000000	0.000000	0.000000	1791490879.411169	0.000000
226.000000	2.642591	2.222082	2.063077	4.235933	2.713963	2.856637	2.369388	3.844296	0.919055	2.350336	3.578146	4.281479	4.067121	4.471958	0.914770	0.379481	0.000000	0.000000	0.000000	0.000000	0.000000	0.000000	0.000000	0.000000	0.000000	0.000000	0.000000	0.000000	0.000000	1791490879.411179	0.000000
227.000000	11.457913	10.170904	9.568696	10.542421	10.058277	9.926081	9.261893	13.796767	10.479614	9.612704	10.434405	11.966304	10.037984	11.868902	10.452433	8.469669	0.000000	0.000000	0.000000	0.000000	0.000000	0.000000	0.000000	0.000000	0.000000	0.000000	0.000000	0.000000	0.000000	1791490879.411188	0.000000
228.000000	13.022342	11.795701	11.172261	10.409029	11.308300	11.111017	10.774195	14.976094	13.460786	10.848281	10.840742	12.269577	9.872457	12.038235	13.336273	11.194076	0.000000	0.000000	0.000000	0.000000	0.000000	0.000000	0.000000	0.000000	0.000000	0.000000	0.000000	0.000000	0.000000	1791490879.411197	0.000000
229.000000	6.573130	6.274755	6.058377	4.012392	5.852543	5.725027	5.863828	6.942226	8.225358	5.505730	4.739643	5.192613	3.661239	4.654609	8.039342	7.076624	0.000000	0.000000	0.000000	0.000000	0.000000	0.000000	0.000000	0.000000	0.000000	0.000000	0.000000	0.000000	0.000000	1791490879.411207	0.000000
230.000000	-3.674882	-2.850214	-2.528931	-4.691600	-2.939695	-3.028971	-2.679941	-5.025188	-1.816674	-2.958301	-4.011105	-4.811249	-4.801187	-5.858721	-1.909597	-1.155934	0.000000	0.000000	0.000000	0.000000	0.000000	0.000000	0.000000	0.000000	0.000000	0.000000	0.000000	0.000000	0.000000	1791490879.411216	0.000000
231.000000	-11.308650	-9.972022	-9.366077	-10.435453	-9.812812	-9.967887	-9.808446	-13.413606	-10.442067	-9.327359	-10.089635	-11.655109	-10.343223	-12.988947	-10.280358	-8.381351	0.000000	0.000000	0.000000	0.000000	0.000000	0.000000	0.000000	0.000000	0.000000	0.000000	0.000000	0.000000	0.000000	1791490879.411225	0.000000
232.000000	-11.766603	-10.892983	-10.446381	-9.839830	-10.771491	-10.998964	-11.194579	-13.232273	-12.494742	-9.855732	-9.954936	-11.335411	-9.579864	-12.180402	-12.068650	-10.282923	0.000000	0.000000	0.000000	0.000000	0.000000	0.000000	0.000000	0.000000	0.000000	0.000000	0.000000	0.000000	0.000000	1791490879.411235	0.000000
233.000000	-5.080117	-5.305328	-5.326173	-3.396695	-5.395431	-5.534448	-5.866692	-5.003728	-6.979953	-4.472480	-3.904370	-4.270813	-2.977900	-3.747324	-6.506035	-5.936448	0.000000	0.000000	0.000000	0.000000	0.000000	0.000000	0.000000	0.000000	0.000000	0.000000	0.000000	0.000000	0.000000	1791490879.411244	0.000000
234.000000	4.348085	3.189868	2.749300	4.922227	3.011108	3.173258	3.111552	5.813610	2.490516	3.336863	4.245858	5.100264	5.435975	7.212296	2.668790	1.771460	0.000000	0.000000	0.000000	0.000000	0.000000	0.000000	0.000000	0.000000	0.000000	0.000000	0.000000	0.000000	0.000000	1791490879.411254	0.000000
235.000000	10.658373	9.421260	8.917353	10.128716	9.456489	9.967905	10.391514	12.455280	10.070675	8.793013	9.572522	11.120719	10.538436	13.912452	9.720433	8.057644	0.000000	0.000000	0.000000	0.000000	0.000000	0.000000	0.000000	0.000000	0.000000	0.000000	0.000000	0.000000	0.000000	1791490879.411263	0.000000
236.000000	10.203943	9.813969	9.635860	9.218178	10.227492	10.845770	11.529764	11.114915	11.308064	8.757695	9.023563	10.339197	9.232776	12.095073	10.524002	9.220633	0.000000	0.000000	0.000000	0.000000	0.000000	0.000000	0.000000	0.000000	0.000000	0.000000	0.000000	0.000000	0.000000	1791490879.411272	0.000000
237.000000	3.661729	4.435147	4.708476	2.898446	5.022719	5.319810	5.713249	3.133354	5.763794	3.533506	3.161039	3.480149	2.326201	2.737188	4.985795	4.822233	0.000000	0.000000	0.000000	0.000000	0.000000	0.000000	0.000000	0.000000	0.000000	0.000000	0.000000	0.000000	0.000000	1791490879.411282	0.000000
238.000000	-4.639533	-3.247488	-2.753380	-4.944895	-2.968333	-3.308211	-3.661135	-6.153388	-2.920326	-3.499226	-4.322087	-5.158749	-5.974830	-8.472320	-3.148700	-2.214458	0.000000	0.000000	0.000000	0.000000	0.000000	0.000000	0.000000	0.000000	0.000000	0.000000	0.000000	0.000000	0.000000	1791490879.411291	0.000000
239.000000	-9.593793	-8.614055	-8.305219	-9.653643	-9.025663	-9.922852	-10.965212	-10.987982	-9.419040	-8.073017	-8.931086	-10.410588	-10.632389	-14.606094	-8.822283	-7.543325	0.000000	0.000000	0.000000	0.000000	0.000000	0.000000	0.000000	0.000000	0.000000	0.000000	0.000000	0.000000	0.000000	1791490879.411300	0.000000
240.000000	-8.476869	-8.680068	-8.820572	-8.573674	-9.690590	-10.634842	-11.728145	-8.785671	-10.001626	-7.628715	-8.074521	-9.336427	-8.838429	-11.793236	-8.823358	-8.085296	0.000000	0.000000	0.000000	0.000000	0.000000	0.000000	0.000000	0.000000	0.000000	0.000000	0.000000	0.000000	0.000000	1791490879.411309	0.000000
241.000000	-2.424718	-3.734922	-4.234653	-2.539740	-4.734092	-5.074431	-5.389371	-1.488573	-4.664478	-2.733097	-2.513401	-2.854011	-1.708572	-1.666747	-3.593615	-3.800810	0.000000	0.000000	0.000000	0.000000	0.000000	0.000000	0.000000	0.000000	0.000000	0.000000	0.000000	0.000000	0.000000	1791490879.411318	0.000000
242.000000	4.553338	3.049945	2.578013	4.754538	2.815126	3.419238	4.290639	6.006316	3.092769	3.456123	4.251631	4.993579	6.414937	9.588556	3.322722	2.470859	0.000000	0.000000	0.000000	0.000000	0.000000	0.000000	0.000000	0.000000	0.000000	0.000000	0.000000	0.000000	0.000000	1791490879.411328	0.000000
243.000000	8.230960	7.659441	7.609794	9.033557	8.529403	9.809233	11.463576	9.131157	8.562563	7.228465	8.188316	9.569986	10.615631	15.033009	7.670220	6.888114	0.000000	0.000000	0.000000	0.000000	0.000000	0.000000	0.000000	0.000000	0.000000	0.000000	0.000000	0.000000	0.000000	1791490879.411337	0.000000
244.000000	6.729676	7.605169	8.070891	7.948769	9.180294	10.356542	11.742595	6.439264	8.687704	6.543100	7.138358	8.384382	8.385364	11.270252	7.102759	6.958922	0.000000	0.000000	0.000000	0.000000	0.000000	0.000000	0.000000	0.000000	0.000000	0.000000	0.000000	0.000000	0.000000	1791490879.411346	0.000000
245.000000	1.434206	3.234772	3.911438	2.345328	4.548651	4.811112	4.901904	0.194046	3.746674	2.105683	1.982706	2.419448	1.123085	0.571382	2.417420	2.928365	0.000000	0.000000	0.000000	0.000000	0.000000	0.000000	0.000000	0.000000	0.000000	0.000000	0.000000	0.000000	0.000000	1791490879.411369	0.000000
246.000000	-4.149996	-2.678647	-2.293924	-4.378184	-2.557133	-3.487011	-4.944955	-5.411423	-3.042253	-3.244949	-4.047292	-4.636224	-6.745250	-10.505398	-3.218704	-2.554411	0.000000	0.000000	0.000000	0.000000	0.000000	0.000000	0.000000	0.000000	0.000000	0.000000	0.000000	0.000000	0.000000	1791490879.411379	0.000000
247.000000	-6.707577	-6.687931	-6.932580	-8.337981	-8.006578	-9.623601	-11.824919	-7.056108	-7.608833	-6.346079	-7.393450	-8.671093	-10.470700	-15.154589	-6.389853	-6.166826	0.000000	0.000000	0.000000	0.000000	0.000000	0.000000	0.000000	0.000000	0.000000	0.000000	0.000000	0.000000	0.000000	1791490879.411389	0.000000
248.000000	-5.075439	-6.664640	-7.439613	-7.398543	-8.738193	-10.023740	-11.545457	-4.249775	-7.461659	-5.568158	-6.263274	-7.536455	-7.856381	-10.525277	-5.490821	-5.917092	0.000000	0.000000	0.000000	0.000000	0.000000	0.000000	0.000000	0.000000	0.000000	0.000000	0.000000	0.000000	0.000000	1791490879.411399	0.000000
249.000000	-0.702359	-2.897557	-3.696015	-2.299056	-4.463339	-4.536772	-4.268006	0.697537	-3.019972	-1.641503	-1.569290	-2.161809	-0.559693	0.519404	-1.491554	-2.220758	0.000000	0.000000	0.000000	0.000000	0.000000	0.000000	0.000000	0.000000	0.000000	0.000000	0.000000	0.000000	0.000000	1791490879.411408	0.000000
250.000000	3.515552	2.245177	2.005896	3.899500	2.250491	3.523085	5.576914	4.463744	2.844517	2.943073	3.760455	4.156755	6.956422	11.179870	2.917756	2.516292	0.000000	0.000000	0.000000	0.000000	0.000000	0.000000	0.000000	0.000000	0.000000	0.000000	0.000000	0.000000	0.000000	1791490879.411417	0.000000
251.000000	5.139892	5.791252	6.350802	7.647713	7.514233	9.378822	11.996925	4.928358	6.652432	5.502463	6.601870	7.774408	10.164053	14.930537	5.112429	5.451591	0.000000	0.000000	0.000000	0.000000	0.000000	0.000000	0.000000	0.000000	0.000000	0.000000	0.000000	0.000000	0.000000	1791490879.411427	0.000000
252.000000	3.588532	5.867233	6.914060	6.929230	8.360839	9.627517	11.107658	2.342981	6.369322	4.718828	5.459082	6.790687	7.213982	9.541961	4.075519	4.998999	0.000000	0.000000	0.000000	0.000000	0.000000	0.000000	0.000000	0.000000	0.000000	0.000000	0.000000	0.000000	0.000000	1791490879.411437	0.000000
253.000000	0.230981	2.663622	3.507272	2.329675	4.412691	4.224886	3.503056	-1.171041	2.463068	1.292429	1.234817	2.024563	0.009535	-1.581854	0.806021	1.662403	0.000000	0.000000	0.000000	0.000000	0.000000	0.000000	0.000000	0.000000	0.000000	0.000000	0.000000	0.000000	0.000000	1791490879.411446	0.000000
254.000000	-2.710774	-1.816559	-1.785050	-3.400784	-1.959758	-3.543176	-6.132553	-3.259861	-2.559627	-2.612680	-3.435989	-3.610875	-7.017893	-11.560324	-2.512055	-2.408172	0.000000	0.000000	0.000000	0.000000	0.000000	0.000000	0.000000	0.000000	0.000000	0.000000	0.000000	0.000000	0.000000	1791490879.411455	0.000000
255.000000	-3.617287	-4.994902	-5.863739	-6.982870	-7.050808	-9.057482	-11.921862	-2.890839	-5.746551	-4.720555	-5.819691	-6.882914	-9.646726	-14.317684	-3.938583	-4.786012	0.000000	0.000000	0.000000	0.000000	0.000000	0.000000	0.000000	0.000000	0.000000	0.000000	0.000000	0.000000	0.000000	1791490879.411464	0.000000
0.000000	-2.337750	-5.187889	-6.423566	-6.480173	-7.973344	-9.122183	-10.404274	-0.810780	-5.421272	-3.960637	-4.682166	-6.090522	-6.420883	-8.312655	-2.888846	-4.202498	0.000000	0.000000	0.000000	0.000000	0.000000	0.000000	0.000000	0.000000	0.000000	0.000000	0.000000	0.000000	0.000000	1791490879.411474	0.000000
1.000000	-0.023153	-2.482708	-3.263254	-2.345642	-4.306071	-3.832798	-2.627520	1.248685	-2.040024	-0.995962	-0.920830	-1.936203	0.534119	2.590076	-0.307857	-1.208097	0.000000	0.000000	0.000000	0.000000	0.000000	0.000000	0.000000	0.000000	0.000000	0.000000	0.000000	0.000000	0.000000	1791490879.411484	0.000000
2.000000	1.804968	1.427734	1.655194	2.925613	1.714585	3.548411	6.558978	1.913072	2.236177	2.288993	3.091305	3.023234	6.900986	11.608011	2.083560	2.274295	0.000000	0.000000	0.000000	0.000000	0.000000	0.000000	0.000000	0.000000	0.000000	0.000000	0.000000	0.000000	0.000000	1791490879.411493	0.000000
3.000000	2.236736	4.290710	5.412415	6.297722	6.552830	8.606812	11.543754	1.058607	4.908132	3.973977	4.996969	5.949767	8.866976	13.288454	2.908490	4.170042	0.000000	0.000000	0.000000	0.000000	0.000000	0.000000	0.000000	0.000000	0.000000	0.000000	0.000000	0.000000	0.000000	1791490879.411503	0.000000
4.000000	1.379440	4.582109	5.870364	5.951912	7.463765	8.436488	9.412278	-0.311381	4.589006	3.225216	3.850511	5.355501	5.435164	6.839783	1.905596	3.482274	0.000000	0.000000	0.000000	0.000000	0.000000	0.000000	0.000000	0.000000	0.000000	0.000000	0.000000	0.000000	0.000000	1791490879.411512	0.000000
5.000000	0.047793	2.307080	2.903811	2.276452	4.071007	3.330230	1.672671	-0.992893	1.703390	0.697966	0.583189	1.848376	-1.069126	-3.510762	-0.064726	0.805785	0.000000	0.000000	0.000000	0.000000	0.000000	0.000000	0.000000	0.000000	0.000000	0.000000	0.000000	0.000000	0.000000	1791490879.411521	0.000000
6.000000	-0.906783	-1.100793	-1.597039	-2.460783	-1.492348	-3.501152	-6.789755	-0.539079	-1.903606	-1.971454	-2.694836	-2.378422	-6.559997	-11.286314	-1.685677	-2.133920	0.000000	0.000000	0.000000	0.000000	0.000000	0.000000	0.000000	0.000000	0.000000	0.000000	0.000000	0.000000	0.000000	1791490879.411531	0.000000
7.000000	-1.113544	-3.669208	-4.923437	-5.515781	-5.927475	-7.956617	-10.815976	0.472764	-4.133250	-3.217186	-4.059604	-4.923450	-7.780363	-11.843397	-2.035655	-3.581381	0.000000	0.000000	0.000000	0.000000	0.000000	0.000000	0.000000	0.000000	0.000000	0.000000	0.000000	0.000000	0.000000	1791490879.411540	0.000000
8.000000	-0.748747	-4.020805	-5.190739	-5.276919	-6.750521	-7.532972	-8.149888	1.009744	-3.845074	-2.466882	-2.919332	-4.550803	-4.262243	-5.175116	-1.092009	-2.796426	0.000000	0.000000	0.000000	0.000000	0.000000	0.000000	0.000000	0.000000	0.000000	0.000000	0.000000	0.000000	0.000000	1791490879.411550	0.000000
9.000000	-0.228995	-2.104707	-2.421375	-2.120362	-3.702719	-2.745017	-0.710862	0.485392	-1.420996	-0.388333	-0.245397	-1.767033	1.541524	4.277420	0.371915	-0.424324	0.000000	0.000000	0.000000	0.000000	0.000000	0.000000	0.000000	0.000000	0.000000	0.000000	0.000000	0.000000	0.000000	1791490879.411559	0.000000
10.000000	0.147891	0.857123	1.566319	1.949398	1.226441	3.338505	6.760692	-0.735220	1.583089	1.636321	2.184576	1.651586	5.947956	10.576229	1.362837	1.989349	0.000000	0.000000	0.000000	0.000000	0.000000	0.000000	0.000000	0.000000	0.000000	0.000000	0.000000	0.000000	0.000000	1791490879.411569	0.000000
11.000000	0.339399	3.134280	4.346453	4.582154	5.104070	7.071809	9.741859	-1.618079	3.422950	2.422836	2.972064	3.796805	6.401345	10.041683	1.314483	2.995949	0.000000	0.000000	0.000000	0.000000	0.000000	0.000000	0.000000	0.000000	0.000000	0.000000	0.000000	0.000000	0.000000	1791490879.411578	0.000000
12.000000	0.439159	3.494197	4.376773	4.460090	5.827120	6.442027	6.692348	-1.299620	3.173061	1.684803	1.918121	3.699952	2.977099	3.423383	0.399723	2.116476	0.000000	0.000000	0.000000	0.000000	0.000000	0.000000	0.000000	0.000000	0.000000	0.000000	0.000000	0.000000	0.000000	1791490879.411587	0.000000
13.000000	0.482330	1.866068	1.862986	1.944956	3.269670	2.153660	-0.163301	0.176267	1.175819	0.099539	-0.016995	1.728431	-1.869677	-4.809781	-0.657816	0.059612	0.000000	0.000000	0.000000	0.000000	0.000000	0.000000	0.000000	0.000000	0.000000	0.000000	0.000000	0.000000	0.000000	1791490879.411597	0.000000
14.000000	0.382476	-0.695797	-1.498112	-1.319483	-0.831584	-2.999844	-6.427079	1.808212	-1.276261	-1.242648	-1.500653	-0.825664	-5.039576	-9.478238	-1.113642	-1.811562	0.000000	0.000000	0.000000	0.000000	0.000000	0.000000	0.000000	0.000000	0.000000	0.000000	0.000000	0.000000	0.000000	1791490879.411607	0.000000
15.000000	0.053635	-2.683490	-3.660732	-3.494304	-4.063851	-5.966766	-8.367236	2.342167	-2.769265	-1.584731	-1.750287	-2.597182	-4.791856	-7.975370	-0.705780	-2.380157	0.000000	0.000000	0.000000	0.000000	0.000000	0.000000	0.000000	0.000000	0.000000	0.000000	0.000000	0.000000	0.000000	1791490879.411616	0.000000
16.000000	-0.418359	-3.016987	-3.484905	-3.589113	-4.775900	-5.258436	-5.157408	1.223575	-2.577436	-0.930596	-0.944363	-2.870938	-1.703174	-1.724481	0.200966	-1.446413	0.000000	0.000000	0.000000	0.000000	0.000000	0.000000	0.000000	0.000000	0.000000	0.000000	0.000000	0.000000	0.000000	1791490879.411625	0.000000
17.000000	-0.749786	-1.622135	-1.325399	-1.861874	-2.895564	-1.663632	0.839004	-0.915256	-0.990992	0.091478	0.096263	-1.795503	1.950315	5.007652	0.909153	0.240621	0.000000	0.000000	0.000000	0.000000	0.000000	0.000000	0.000000	0.000000	0.000000	0.000000	0.000000	0.000000	0.000000	1791490879.411634	0.000000
18.000000	-0.646724	0.597125	1.338872	0.539894	0.254948	2.458484	5.773456	-2.625502	0.965947	0.759047	0.624521	-0.096651	3.839635	8.012591	0.899147	1.554525	0.000000	0.000000	0.000000	0.000000	0.000000	0.000000	0.000000	0.000000	0.000000	0.000000	0.000000	0.000000	0.000000	1791490879.411644	0.000000
19.000000	-0.072589	2.331540	2.907755	2.341988	2.881946	4.726832	6.791461	-2.645065	2.188087	0.756650	0.496638	1.407513	3.078256	5.785562	0.191177	1.740667	0.000000	0.000000	0.000000	0.000000	0.000000	0.000000	0.000000	0.000000	0.000000	0.000000	0.000000	0.000000	0.000000	1791490879.411653	0.000000
20.000000	0.641469	2.627189	2.617876	2.800875	3.738824	4.110616	3.683355	-0.830804	2.099226	0.302885	0.141407	2.166603	0.597683	0.241200	-0.687248	0.844303	0.000000	0.000000	0.000000	0.000000	0.000000	0.000000	0.000000	0.000000	0.000000	0.000000	0.000000	0.000000	0.000000	1791490879.411662	0.000000
21.000000	0.981965	1.400967	0.885691	1.933889	2.666685	1.339770	-1.245429	1.667606	0.894687	-0.126726	0.068758	2.004231	-1.720382	-4.809729	-1.088241	-0.420512	0.000000	0.000000	0.000000	0.000000	0.000000	0.000000	0.000000	0.000000	0.000000	0.000000	0.000000	0.000000	0.000000	1791490879.411671	0.000000
22.000000	0.633026	-0.560545	-1.093605	0.327110	0.467184	-1.758423	-4.841916	3.154507	-0.660726	-0.214833	0.371550	1.052385	-2.429576	-6.263135	-0.704199	-1.213060	0.000000	0.000000	0.000000	0.000000	0.000000	0.000000	0.000000	0.000000	0.000000	0.000000	0.000000	0.000000	0.000000	1791490879.411681	0.000000
23.000000	-0.237605	-2.092702	-2.155814	-1.249509	-1.675082	-3.456627	-5.126068	2.556059	-1.709246	-0.022856	0.646357	-0.338682	-1.420606	-3.633312	0.214909	-1.121344	0.000000	0.000000	0.000000	0.000000	0.000000	0.000000	0.000000	0.000000	0.000000	0.000000	0.000000	0.000000	0.000000	1791490879.411690	0.000000
24.000000	-1.035677	-2.335020	-1.845195	-2.174054	-2.814648	-3.078099	-2.366159	0.196241	-1.759898	0.130087	0.391474	-1.659366	0.223500	0.907793	1.033289	-0.364853	0.000000	0.000000	0.000000	0.000000	0.000000	0.000000	0.000000	0.000000	0.000000	0.000000	0.000000	0.000000	0.000000	1791490879.411700	0.000000
25.000000	-1.139566	-1.207740	-0.569381	-2.140891	-2.597299	-1.186709	1.363992	-2.373803	-0.891859	-0.002381	-0.466309	-2.337543	1.189863	4.220803	1.171447	0.448734	0.000000	0.000000	0.000000	0.000000	0.000000	0.000000	0.000000	0.000000	0.000000	0.000000	0.000000	0.000000	0.000000	1791490879.411709	0.000000
26.000000	-0.373521	0.577117	0.783357	-1.196259	-1.270045	0.958550	3.695834	-3.403749	0.361785	-0.347063	-1.385910	-1.953738	0.929915	4.348163	0.512826	0.792008	0.000000	0.000000	0.000000	0.000000	0.000000	0.000000	0.000000	0.000000	0.000000	0.000000	0.000000	0.000000	0.000000	1791490879.411718	0.000000
27.000000	0.797923	1.955432	1.447309	0.292224	0.530974	2.228784	3.467092	-2.143945	1.336155	-0.560403	-1.568794	-0.520736	-0.043067	1.661544	-0.508991	0.559361	0.000000	0.000000	0.000000	0.000000	0.000000	0.000000	0.000000	0.000000	0.000000	0.000000	0.000000	0.000000	0.000000	1791490879.411727	0.000000
28.000000	1.537099	2.135889	1.201188	1.722605	2.053944	2.197867	1.265415	0.607715	1.570280	-0.335079	-0.612872	1.372703	-0.702504	-1.657138	-1.206328	0.059155	0.000000	0.000000	0.000000	0.000000	0.000000	0.000000	0.000000	0.000000	0.000000	0.000000	0.000000	0.000000	0.000000	1791490879.411737	0.000000
29.000000	1.216332	1.048637	0.384344	2.439464	2.675065	1.188488	-1.210461	3.008155	0.998220	0.291197	1.051359	2.745397	-0.411995	-3.293379	-1.112818	-0.290813	0.000000	0.000000	0.000000	0.000000	0.000000	0.000000	0.000000	0.000000	0.000000	0.000000	0.000000	0.000000	0.000000	1791490879.411746	0.000000
30.000000	-0.083150	-0.633638	-0.426012	2.010899	2.097448	-0.105816	-2.406921	3.404712	-0.061118	0.894784	2.333184	2.729675	0.545403	-2.390827	-0.303628	-0.298378	0.000000	0.000000	0.000000	0.000000	0.000000	0.000000	0.000000	0.000000	0.000000	0.000000	0.000000	0.000000	0.000000	1791490879.411756	0.000000
31.000000	-1.537386	-1.903586	-0.808167	0.502157	0.493501	-1.083703	-1.886371	1.474837	-1.075016	0.960095	2.211649	1.139162	1.221659	0.026891	0.666203	-0.099903	0.000000	0.000000	0.000000	0.000000	0.000000	0.000000	0.000000	0.000000	0.000000	0.000000	0.000000	0.000000	0.000000	1791490879.411765	0.000000
32.000000	-2.091485	-2.014779	-0.699458	-1.435292	-1.479235	-1.481660	-0.408121	-1.517241	-1.541933	0.301232	0.526736	-1.283824	0.826364	1.990134	1.156353	0.023118	0.000000	0.000000	0.000000	0.000000	0.000000	0.000000	0.000000	0.000000	0.000000	0.000000	0.000000	0.000000	0.000000	1791490879.411774	0.000000
33.000000	-1.205508	-0.918277	-0.325082	-2.798470	-2.880584	-1.330712	0.810987	-3.545989	-1.216855	-0.722550	-1.768889	-3.182699	-0.549173	2.099417	0.882117	-0.068597	0.000000	0.000000	0.000000	0.000000	0.000000	0.000000	0.000000	0.000000	0.000000	0.000000	0.000000	0.000000	0.000000	1791490879.411783	0.000000
34.000000	0.687273	0.716898	0.036326	-2.745339	-2.907398	-0.774643	1.032310	-3.190460	-0.233032	-1.398203	-3.151646	-3.353697	-1.903747	0.498009	0.089522	-0.237635	0.000000	0.000000	0.000000	0.000000	0.000000	0.000000	0.000000	0.000000	0.000000	0.000000	0.000000	0.000000	0.000000	1791490879.411793	0.000000
35.000000	2.375808	1.909628	0.249381	-1.126216	-1.363484	0.043059	0.437743	-0.620976	0.935415	-1.157952	-2.551235	-1.525552	-2.057825	-1.362535	-0.649595	-0.207506	0.000000	0.000000	0.000000	0.000000	0.000000	0.000000	0.000000	0.000000	0.000000	0.000000	0.000000	0.000000	0.000000	1791490879.411802	0.000000
36.000000	2.643409	1.951967	0.344766	1.305281	1.099630	0.940506	-0.184671	2.470659	1.674749	-0.037418	-0.163155	1.360621	-0.611708	-1.920294	-0.860710	0.145617	0.000000	0.000000	0.000000	0.000000	0.000000	0.000000	0.000000	0.000000	0.000000	0.000000	0.000000	0.000000	0.000000	1791490879.411812	0.000000
37.000000	1.121264	0.824468	0.393761	3.207136	3.197550	1.610385	-0.189921	3.977303	1.534241	1.265412	2.557191	3.619212	1.615339	-0.727242	-0.491507	0.611418	0.000000	0.000000	0.000000	0.000000	0.000000	0.000000	0.000000	0.000000	0.000000	0.000000	0.000000	0.000000	0.000000	1791490879.411821	0.000000
38.000000	-1.366053	-0.800064	0.381465	3.388284	3.668532	1.662909	0.368981	2.799845	0.497352	1.823946	3.790581	3.815961	3.059591	1.223324	0.094415	0.762936	0.000000	0.000000	0.000000	0.000000	0.000000	0.000000	0.000000	0.000000	0.000000	0.000000	0.000000	0.000000	0.000000	1791490879.411830	0.000000
39.000000	-3.244308	-1.958886	0.210129	1.566581	2.046267	0.861281	0.818900	-0.366812	-0.938892	1.140000	2.582174	1.695134	2.518916	2.292708	0.432292	0.313017	0.000000	0.000000	0.000000	0.000000	0.000000	0.000000	0.000000	0.000000	0.000000	0.000000	0.000000	0.000000	0.000000	1791490879.411839	0.000000
40.000000	-3.183300	-1.963963	-0.165679	-1.342916	-0.931029	-0.597664	0.494431	-3.437962	-1.971115	-0.439767	-0.433309	-1.571105	0.104158	1.493677	0.325116	-0.572522	0.000000	0.000000	0.000000	0.000000	0.000000	0.000000	0.000000	0.000000	0.000000	0.000000	0.000000	0.000000	0.000000	1791490879.411855	0.000000
41.000000	-1.012039	-0.799595	-0.605908	-3.662249	-3.610313	-2.019268	-0.610360	-4.301468	-1.924457	-1.880907	-3.351349	-4.025733	-2.692888	-0.702247	-0.022813	-1.293251	0.000000	0.000000	0.000000	0.000000	0.000000	0.000000	0.000000	0.000000	0.000000	0.000000	0.000000	0.000000	0.000000	1791490879.411865	0.000000
42.000000	2.061621	0.869017	-0.809276	-3.920991	-4.339150	-2.519379	-1.719452	-2.253035	-0.690798	-2.135854	-4.210937	-4.111077	-3.939760	-2.664796	-0.208564	-1.213388	0.000000	0.000000	0.000000	0.000000	0.000000	0.000000	0.000000	0.000000	0.000000	0.000000	0.000000	0.000000	0.000000	1791490879.411875	0.000000
43.000000	4.122578	2.073726	-0.524114	-1.801256	-2.502407	-1.586322	-1.826197	1.461955	1.113006	-0.897161	-2.320671	-1.670314	-2.606649	-2.805796	-0.000876	-0.179525	0.000000	0.000000	0.000000	0.000000	0.000000	0.000000	0.000000	0.000000	0.000000	0.000000	0.000000	0.000000	0.000000	1791490879.411884	0.000000
44.000000	3.735867	2.092654	0.202175	1.555539	0.979971	0.466610	-0.525071	4.400881	2.425317	1.106452	1.202883	1.883140	0.623730	-0.802919	0.429007	1.244401	0.000000	0.000000	0.000000	0.000000	0.000000	0.000000	0.000000	0.000000	0.000000	0.000000	0.000000	0.000000	0.000000	1791490879.411894	0.000000
45.000000	0.916659	0.867065	0.957341	4.145899	4.084161	2.528763	1.527128	4.517436	2.353746	2.527278	4.091921	4.381663	3.694886	2.066246	0.621165	2.064877	0.000000	0.000000	0.000000	0.000000	0.000000	0.000000	0.000000	0.000000	0.000000	0.000000	0.000000	0.000000	0.000000	1791490879.411903	0.000000
46.000000	-2.756800	-0.942301	1.193766	4.308099	4.865341	3.289393	2.938151	1.563797	0.775747	2.299286	4.394852	4.236709	4.503992	3.763229	0.221732	1.538718	0.000000	0.000000	0.000000	0.000000	0.000000	0.000000	0.000000	0.000000	0.000000	0.000000	0.000000	0.000000	0.000000	1791490879.411913	0.000000
47.000000	-5.021280	-2.298277	0.631451	1.805965	2.698577	2.088281	2.537343	-2.645079	-1.473280	0.425217	1.801805	1.464815	2.351938	2.936642	-0.646449	-0.211440	0.000000	0.000000	0.000000	0.000000	0.000000	0.000000	0.000000	0.000000	0.000000	0.000000	0.000000	0.000000	0.000000	1791490879.411922	0.000000
48.000000	-4.313884	-2.362600	-0.464867	-1.925461	-1.227549	-0.542466	0.299155	-5.339312	-3.016650	-1.924678	-2.076400	-2.266203	-1.489294	-0.048670	-1.366302	-2.130869	0.000000	0.000000	0.000000	0.000000	0.000000	0.000000	0.000000	0.000000	0.000000	0.000000	0.000000	0.000000	0.000000	1791490879.411931	0.000000
49.000000	-0.825988	-1.002292	-1.387911	-4.598873	-4.551748	-3.077106	-2.475042	-4.606299	-2.773677	-3.138701	-4.712898	-4.644926	-4.537198	-3.264318	-1.245095	-2.859147	0.000000	0.000000	0.000000	0.000000	0.000000	0.000000	0.000000	0.000000	0.000000	0.000000	0.000000	0.000000	0.000000	1791490879.411941	0.000000
50.000000	3.471695	1.070697	-1.451547	-4.494288	-5.179350	-3.895657	-3.932748	-0.728089	-0.712520	-2.267436	-4.323901	-4.167247	-4.726479	-4.491768	-0.094805	-1.683864	0.000000	0.000000	0.000000	0.000000	0.000000	0.000000	0.000000	0.000000	0.000000	0.000000	0.000000	0.000000	0.000000	1791490879.411950	0.000000
51.000000	5.935676	2.652103	-0.503823	-1.584141	-2.627639	-2.341289	-2.926094	3.883729	2.006922	0.253484	-1.081700	-1.104742	-1.819350	-2.756320	1.482720	0.844916	0.000000	0.000000	0.000000	0.000000	0.000000	0.000000	0.000000	0.000000	0.000000	0.000000	0.000000	0.000000	0.000000	1791490879.411959	0.000000
52.000000	4.874163	2.733771	0.896233	2.384225	1.604285	0.769536	0.115640	6.187798	3.674005	2.803411	2.948177	2.645374	2.371935	0.940547	2.394069	3.137767	0.000000	0.000000	0.000000	0.000000	0.000000	0.000000	0.000000	0.000000	0.000000	0.000000	0.000000	0.000000	0.000000	1791490879.411968	0.000000
53.000000	0.692376	1.141538	1.805454	4.943711	4.921224	3.570617	3.343935	4.515609	3.106751	3.621933	5.133507	4.747942	5.133419	4.219047	1.801959	3.567132	0.000000	0.000000	0.000000	0.000000	0.000000	0.000000	0.000000	0.000000	0.000000	0.000000	0.000000	0.000000	0.000000	1791490879.411978	0.000000
54.000000	-4.209046	-1.279296	1.536777	4.458493	5.245536	4.286441	4.640940	-0.240757	0.485802	2.022589	4.006898	3.903081	4.627809	4.877295	-0.185072	1.614404	0.000000	0.000000	0.000000	0.000000	0.000000	0.000000	0.000000	0.000000	0.000000	0.000000	0.000000	0.000000	0.000000	1791490879.411987	0.000000
55.000000	-6.811353	-3.096452	0.175346	1.185534	2.340731	2.378186	3.027779	-5.094357	-2.645511	-1.062338	0.255620	0.663063	1.124655	2.373721	-2.420289	-1.643797	0.000000	0.000000	0.000000	0.000000	0.000000	0.000000	0.000000	0.000000	0.000000	0.000000	0.000000	0.000000	0.000000	1791490879.411996	0.000000
56.000000	-5.344452	-3.134646	-1.415874	-2.853247	-2.013924	-1.059281	-0.618373	-6.849713	-4.291378	-3.626156	-3.703140	-2.930372	-3.146818	-1.764770	-3.383367	-4.123335	0.000000	0.000000	0.000000	0.000000	0.000000	0.000000	0.000000	0.000000	0.000000	0.000000	0.000000	0.000000	0.000000	1791490879.412005	0.000000
57.000000	-0.483493	-1.236120	-2.146152	-5.131928	-5.127601	-3.937620	-4.051891	-4.210420	-3.285899	-3.903222	-5.296697	-4.649579	-5.438482	-4.899024	-2.213969	-4.078449	0.000000	0.000000	0.000000	0.000000	0.000000	0.000000	0.000000	0.000000	0.000000	0.000000	0.000000	0.000000	0.000000	1791490879.412015	0.000000
58.000000	4.932579	1.557052	-1.447840	-4.218130	-5.082860	-4.465660	-5.066980	1.286100	-0.115871	-1.585328	-3.483239	-3.481059	-4.270625	-4.981348	0.589531	-1.328138	0.000000	0.000000	0.000000	0.000000	0.000000	0.000000	0.000000	0.000000	0.000000	0.000000	0.000000	0.000000	0.000000	1791490879.412024	0.000000
59.000000	7.567663	3.566711	0.291898	-0.684006	-1.929663	-2.276332	-2.926541	6.169141	3.295251	1.900203	0.565770	-0.228556	-0.390905	-1.895341	3.344650	2.497719	0.000000	0.000000	0.000000	0.000000	0.000000	0.000000	0.000000	0.000000	0.000000	0.000000	0.000000	0.000000	0.000000	1791490879.412034	0.000000
60.000000	5.656247	3.489303	1.940400	3.253370	2.361462	1.324339	1.117543	7.240932	4.763542	4.279395	4.234640	3.042671	3.716796	2.443327	4.207329	4.934404	0.000000	0.000000	0.000000	0.000000	0.000000	0.000000	0.000000	0.000000	0.000000	0.000000	0.000000	0.000000	0.000000	1791490879.412043	0.000000
61.000000	0.184972	1.245205	2.361327	5.134953	5.144974	4.149808	4.570480	3.680483	3.258759	3.929867	5.172529	4.334786	5.443234	5.298368	2.416730	4.293605	0.000000	0.000000	0.000000	0.000000	0.000000	0.000000	0.000000	0.000000	0.000000	0.000000	0.000000	0.000000	0.000000	1791490879.412052	0.000000
62.000000	-5.599771	-1.886453	1.202951	3.813692	4.749914	4.478651	5.254837	-2.343805	-0.367022	0.995099	2.816577	2.955618	3.729620	4.859925	-1.082996	0.843811	0.000000	0.000000	0.000000	0.000000	0.000000	0.000000	0.000000	0.000000	0.000000	0.000000	0.000000	0.000000	0.000000	1791490879.412061	0.000000
63.000000	-8.128046	-3.991088	-0.818141	0.165645	1.493118	2.114265	2.697557	-7.005488	-3.857602	-2.657594	-1.269406	-0.113679	-0.279406	1.399293	-4.134529	-3.275409	0.000000	0.000000	0.000000	0.000000	0.000000	0.000000	0.000000	0.000000	0.000000	0.000000	0.000000	0.000000	0.000000	1791490879.412071	0.000000
64.000000	-5.731099	-3.701128	-2.365949	-3.494951	-2.567593	-1.502253	-1.549318	-7.275495	-4.977533	-4.644958	-4.449211	-2.917776	-4.013149	-2.912446	-4.726057	-5.408315	0.000000	0.000000	0.000000	0.000000	0.000000	0.000000	0.000000	0.000000	0.000000	0.000000	0.000000	0.000000	0.000000	1791490879.412080	0.000000
65.000000	0.242650	-1.102106	-2.383588	-4.906444	-4.953488	-4.188729	-4.870576	-2.911403	-2.971514	-3.649855	-4.743209	-3.796048	-5.148536	-5.394746	-2.343789	-4.132065	0.000000	0.000000	0.000000	0.000000	0.000000	0.000000	0.000000	0.000000	0.000000	0.000000	0.000000	0.000000	0.000000	1791490879.412089	0.000000
66.000000	6.176027	2.249317	-0.826915	-3.281310	-4.298895	-4.358759	-5.224418	3.339211	0.912711	-0.310192	-2.080489	-2.383517	-3.074636	-4.549565	1.607670	-0.224903	0.000000	0.000000	0.000000	0.000000	0.000000	0.000000	0.000000	0.000000	0.000000	0.000000	0.000000	0.000000	0.000000	1791490879.412098	0.000000
67.000000	8.392153	4.263050	1.285407	0.253991	-1.133687	-1.964890	-2.410991	7.487205	4.209275	3.197197	1.732844	0.273527	0.789127	-0.968721	4.650653	3.817955	0.000000	0.000000	0.000000	0.000000	0.000000	0.000000	0.000000	0.000000	0.000000	0.000000	0.000000	0.000000	0.000000	1791490879.412107	0.000000
68.000000	5.469163	3.646209	2.556382	3.451388	2.538256	1.519672	1.826404	6.882486	4.830626	4.605469	4.260874	2.492950	3.979568	3.096591	4.827962	5.416310	0.000000	0.000000	0.000000	0.000000	0.000000	0.000000	0.000000	0.000000	0.000000	0.000000	0.000000	0.000000	0.000000	1791490879.412117	0.000000
69.000000	-0.817243	0.763483	2.160788	4.403719	4.535223	4.032251	4.909021	1.936766	2.423515	3.057781	4.027235	3.049432	4.585840	5.181685	1.995705	3.594391	0.000000	0.000000	0.000000	0.000000	0.000000	0.000000	0.000000	0.000000	0.000000	0.000000	0.000000	0.000000	0.000000	1791490879.412126	0.000000
70.000000	-6.572626	-2.568715	0.396214	2.702708	3.810151	4.158644	5.016768	-4.154849	-1.420469	-0.357796	1.387123	1.855049	2.404033	4.121438	-2.061397	-0.406731	0.000000	0.000000	0.000000	0.000000	0.000000	0.000000	0.000000	0.000000	0.000000	0.000000	0.000000	0.000000	0.000000	1791490879.412136	0.000000
71.000000	-8.235198	-4.249921	-1.546365	-0.428294	0.975560	1.921357	2.166115	-7.509216	-4.234768	-3.383249	-1.840872	-0.155495	-1.052882	0.691595	-4.784921	-3.989854	0.000000	0.000000	0.000000	0.000000	0.000000	0.000000	0.000000	0.000000	0.000000	0.000000	0.000000	0.000000	0.000000	1791490879.412145	0.000000
72.000000	-4.829239	-3.258154	-2.414560	-3.030122	-2.204014	-1.316451	-1.869623	-6.070929	-4.296944	-4.117911	-3.650185	-1.750773	-3.615790	-2.966542	-4.499893	-4.928455	0.000000	0.000000	0.000000	0.000000	0.000000	0.000000	0.000000	0.000000	0.000000	0.000000	0.000000	0.000000	0.000000	1791490879.412154	0.000000
73.000000	1.442161	-0.295389	-1.729519	-3.666858	-3.937494	-3.705852	-4.691734	-0.889789	-1.708735	-2.242895	-3.121038	-2.178468	-3.840456	-4.708938	-1.471553	-2.785098	0.000000	0.000000	0.000000	0.000000	0.000000	0.000000	0.000000	0.000000	0.000000	0.000000	0.000000	0.000000	0.000000	1791490879.412163	0.000000
74.000000	6.638561	2.708014	-0.048554	-2.215681	-3.412682	-3.971407	-4.717319	4.644203	1.756930	0.865284	-0.867185	-1.487498	-1.817277	-3.656113	2.320651	0.903148	0.000000	0.000000	0.000000	0.000000	0.000000	0.000000	0.000000	0.000000	0.000000	0.000000	0.000000	0.000000	0.000000	1791490879.412173	0.000000
75.000000	7.600807	3.877649	1.485868	0.243540	-1.120893	-2.066789	-2.055731	7.048098	3.884951	3.146560	1.542682	-0.288445	1.037855	-0.611818	4.505032	3.731725	0.000000	0.000000	0.000000	0.000000	0.000000	0.000000	0.000000	0.000000	0.000000	0.000000	0.000000	0.000000	0.000000	1791490879.412182	0.000000
76.000000	3.909448	2.596455	1.948375	2.240124	1.576145	0.888574	1.654133	4.967568	3.461200	3.249710	2.690960	0.757374	2.978003	2.544787	3.835354	4.027429	0.000000	0.000000	0.000000	0.000000	0.000000	0.000000	0.000000	0.000000	0.000000	0.000000	0.000000	0.000000	0.000000	1791490879.412191	0.000000
77.000000	-1.954548	-0.165747	1.207853	2.814570	3.272429	3.284112	4.275733	-0.061037	0.973818	1.350595	2.160061	1.309221	3.007740	4.041008	0.913449	1.859413	0.000000	0.000000	0.000000	0.000000	0.000000	0.000000	0.000000	0.000000	0.000000	0.000000	0.000000	0.000000	0.000000	1791490879.412201	0.000000
78.000000	-6.289763	-2.573928	-0.093028	1.942929	3.224073	3.885953	4.412668	-4.734838	-1.837262	-1.110017	0.607107	1.364412	1.375141	3.209883	-2.308983	-1.161155	0.000000	0.000000	0.000000	0.000000	0.000000	0.000000	0.000000	0.000000	0.000000	0.000000	0.000000	0.000000	0.000000	1791490879.412210	0.000000
79.000000	-6.548435	-3.169093	-1.075375	0.326399	1.600929	2.436215	2.129209	-6.176621	-3.202839	-2.506318	-0.864675	1.034771	-0.756117	0.739795	-3.854284	-3.067130	0.000000	0.000000	0.000000	0.000000	0.000000	0.000000	0.000000	0.000000	0.000000	0.000000	0.000000	0.000000	0.000000	1791490879.412219	0.000000
80.000000	-2.857212	-1.775042	-1.239894	-1.168132	-0.727915	-0.276473	-1.199022	-3.725024	-2.454813	-2.121703	-1.496666	0.374356	-2.135261	-1.873444	-2.957592	-2.838924	0.000000	0.000000	0.000000	0.000000	0.000000	0.000000	0.000000	0.000000	0.000000	0.000000	0.000000	0.000000	0.000000	1791490879.412228	0.000000
81.000000	2.238341	0.507643	-0.717332	-1.974402	-2.657073	-2.849412	-3.730276	0.802178	-0.332738	-0.509735	-1.258201	-0.560861	-2.164114	-3.245913	-0.429814	-0.949600	0.000000	0.000000	0.000000	0.000000	0.000000	0.000000	0.000000	0.000000	0.000000	0.000000	0.000000	0.000000	0.000000	1791490879.412237	0.000000
82.000000	5.533244	2.144338	-0.031948	-1.949001	-3.311643	-3.961459	-4.168207	4.437258	1.653768	1.052391	-0.637159	-1.519504	-1.108727	-2.825766	2.012387	1.137181	0.000000	0.000000	0.000000	0.000000	0.000000	0.000000	0.000000	0.000000	0.000000	0.000000	0.000000	0.000000	0.000000	1791490879.412247	0.000000
83.000000	5.204956	2.210899	0.367110	-1.224845	-2.374348	-3.013138	-2.392739	5.019553	2.290921	1.542892	-0.116780	-1.999851	0.246402	-1.052598	2.920506	2.069389	0.000000	0.000000	0.000000	0.000000	0.000000	0.000000	0.000000	0.000000	0.000000	0.000000	0.000000	0.000000	0.000000	1791490879.412256	0.000000
84.000000	1.821074	0.921249	0.412318	-0.045921	-0.218023	-0.434744	0.567731	2.483924	1.406765	0.872485	0.192516	-1.504973	1.170206	1.029323	1.984981	1.494775	0.000000	0.000000	0.000000	0.000000	0.000000	0.000000	0.000000	0.000000	0.000000	0.000000	0.000000	0.000000	0.000000	1791490879.412265	0.000000
85.000000	-2.241343	-0.665170	0.348592	1.257720	2.193705	2.484209	3.136282	-1.287429	-0.161317	-0.191496	0.492784	0.017835	1.372813	2.391896	0.075262	0.146716	0.000000	0.000000	0.000000	0.000000	0.000000	0.000000	0.000000	0.000000	0.000000	0.000000	0.000000	0.000000	0.000000	1791490879.412274	0.000000
86.000000	-4.456030	-1.469695	0.404330	2.221734	3.664233	4.200738	4.009438	-3.833374	-1.266472	-0.722214	0.928487	1.915325	1.010577	2.507217	-1.479723	-0.844151	0.000000	0.000000	0.000000	0.000000	0.000000	0.000000	0.000000	0.000000	0.000000	0.000000	0.000000	0.000000	0.000000	1791490879.412283	0.000000
87.000000	-3.729933	-1.128452	0.525308	2.320418	3.317481	3.710213	2.790029	-3.719853	-1.269565	-0.376409	1.291777	3.056188	0.416700	1.487683	-1.809914	-0.837715	0.000000	0.000000	0.000000	0.000000	0.000000	0.000000	0.000000	0.000000	0.000000	0.000000	0.000000	0.000000	0.000000	1791490879.412293	0.000000
88.000000	-0.910993	-0.135678	0.418627	1.252308	1.124493	1.137459	0.147196	-1.337520	-0.403276	0.383682	1.114544	2.516773	-0.168383	-0.092311	-0.993101	-0.102640	0.000000	0.000000	0.000000	0.000000	0.000000	0.000000	0.000000	0.000000	0.000000	0.000000	0.000000	0.000000	0.000000	1791490879.412302	0.000000
89.000000	1.984179	0.638169	-0.129397	-0.718714	-1.919901	-2.225568	-2.546231	1.539734	0.516360	0.729322	0.109212	0.299234	-0.665130	-1.519791	0.157623	0.507873	0.000000	0.000000	0.000000	0.000000	0.000000	0.000000	0.000000	0.000000	0.000000	0.000000	0.000000	0.000000	0.000000	1791490879.412311	0.000000
90.000000	3.187075	0.642985	-0.947611	-2.681952	-4.188058	-4.537261	-3.909006	3.035000	0.760718	0.195492	-1.412231	-2.464206	-1.033923	-2.232014	0.779492	0.325223	0.000000	0.000000	0.000000	0.000000	0.000000	0.000000	0.000000	0.000000	0.000000	0.000000	0.000000	0.000000	0.000000	1791490879.412320	0.000000
91.000000	2.257793	0.031622	-1.484426	-3.462511	-4.278421	-4.409687	-3.241122	2.385496	0.229051	-0.882134	-2.548162	-4.076446	-1.144268	-1.980960	0.588469	-0.542533	0.000000	0.000000	0.000000	0.000000	0.000000	0.000000	0.000000	0.000000	0.000000	0.000000	0.000000	0.000000	0.000000	1791490879.412335	0.000000
92.000000	0.170868	-0.532588	-1.180186	-2.337243	-1.895888	-1.753614	-0.876020	0.312941	-0.524406	-1.581355	-2.347680	-3.335627	-0.804610	-0.876968	0.003160	-1.270781	0.000000	0.000000	0.000000	0.000000	0.000000	0.000000	0.000000	0.000000	0.000000	0.000000	0.000000	0.000000	0.000000	1791490879.412345	0.000000
93.000000	-1.530487	-0.461485	0.045214	0.361924	1.810592	2.058655	1.977575	-1.617039	-0.768505	-1.119282	-0.552684	-0.415917	0.041174	0.653488	-0.287610	-0.999941	0.000000	0.000000	0.000000	0.000000	0.000000	0.000000	0.000000	0.000000	0.000000	0.000000	0.000000	0.000000	0.000000	1791490879.412354	0.000000
94.000000	-1.838673	0.251365	1.580599	3.233371	4.765002	4.884041	3.835255	-2.130205	-0.200712	0.454549	2.013795	3.068435	1.122318	1.984343	0.054587	0.385456	0.000000	0.000000	0.000000	0.000000	0.000000	0.000000	0.000000	0.000000	0.000000	0.000000	0.000000	0.000000	0.000000	1791490879.412371	0.000000
95.000000	-0.872526	1.002458	2.418179	4.523619	5.132723	5.018838	3.693555	-1.073742	0.783032	2.152109	3.791641	4.960517	1.866143	2.493111	0.710168	2.012573	0.000000	0.000000	0.000000	0.000000	0.000000	0.000000	0.000000	0.000000	0.000000	0.000000	0.000000	0.000000	0.000000	1791490879.412382	0.000000
96.000000	0.385995	1.055384	1.819826	3.217497	2.478069	2.240815	1.570300	0.590366	1.364724	2.673026	3.443228	3.917504	1.705000	1.832628	0.957660	2.568399	0.000000	0.000000	0.000000	0.000000	0.000000	0.000000	0.000000	0.000000	0.000000	0.000000	0.000000	0.000000	0.000000	1791490879.412391	0.000000
97.000000	0.929068	0.161365	-0.088562	-0.188632	-1.830795	-1.963373	-1.459901	1.561729	0.934325	1.362913	0.831757	0.360410	0.497415	0.168824	0.303800	1.298503	0.000000	0.000000	0.000000	0.000000	0.000000	0.000000	0.000000	0.000000	0.000000	0.000000	0.000000	0.000000	0.000000	1791490879.412401	0.000000
98.000000	0.480015	-1.159492	-2.248708	-3.806569	-5.308577	-5.184723	-3.788017	1.164151	-0.387859	-1.183553	-2.683031	-3.653015	-1.243228	-1.778498	-1.007260	-1.273771	0.000000	0.000000	0.000000	0.000000	0.000000	0.000000	0.000000	0.000000	0.000000	0.000000	0.000000	0.000000	0.000000	1791490879.412411	0.000000
99.000000	-0.375587	-1.925196	-3.257917	-5.409229	-5.800506	-5.483043	-4.114140	-0.192235	-1.743266	-3.367532	-4.942863	-5.634279	-2.537142	-3.002609	-2.044310	-3.510260	0.000000	0.000000	0.000000	0.000000	0.000000	0.000000	0.000000	0.000000	0.000000	0.000000	0.000000	0.000000	0.000000	1791490879.412420	0.000000
100.000000	-0.741230	-1.405382	-2.287402	-3.826040	-2.838777	-2.572575	-2.178313	-1.363971	-2.095437	-3.599979	-4.332858	-4.232063	-2.498327	-2.723444	-1.835562	-3.705901	0.000000	0.000000	0.000000	0.000000	0.000000	0.000000	0.000000	0.000000	0.000000	0.000000	0.000000	0.000000	0.000000	1791490879.412430	0.000000
101.000000	-0.188299	0.266156	0.272504	0.207109	1.958782	1.932605	1.035121	-1.367160	-0.993883	-1.437347	-0.924442	-0.159105	-0.940651	-0.892000	-0.171558	-1.350373	0.000000	0.000000	0.000000	0.000000	0.000000	0.000000	0.000000	0.000000	0.000000	0.000000	0.000000	0.000000	0.000000	1791490879.412440	0.000000
102.000000	0.856916	2.059894	2.925106	4.355797	5.767239	5.411300	3.776979	-0.143944	1.007399	1.962491	3.383610	4.159669	1.383950	1.643492	2.059346	2.313231	0.000000	0.000000	0.000000	0.000000	0.000000	0.000000	0.000000	0.000000	0.000000	0.000000	0.000000	0.000000	0.000000	1791490879.412450	0.000000
103.000000	1.435008	2.691995	3.949600	6.053617	6.237181	5.774486	4.478966	1.372435	2.622453	4.459255	5.928529	6.051644	3.135145	3.496069	3.339889	4.934695	0.000000	0.000000	0.000000	0.000000	0.000000	0.000000	0.000000	0.000000	0.000000	0.000000	0.000000	0.000000	0.000000	1791490879.412459	0.000000
104.000000	0.848584	1.537357	2.530817	4.119708	2.967807	2.738552	2.659620	1.951997	2.668826	4.295220	4.953449	4.276390	3.167516	3.499875	2.553211	4.579613	0.000000	0.000000	0.000000	0.000000	0.000000	0.000000	0.000000	0.000000	0.000000	0.000000	0.000000	0.000000	0.000000	1791490879.412469	0.000000
105.000000	-0.693410	-0.831761	-0.612512	-0.410447	-2.167741	-1.955356	-0.737368	1.012763	0.917797	1.324807	0.821373	-0.150784	1.282465	1.456373	-0.125802	1.131687	0.000000	0.000000	0.000000	0.000000	0.000000	0.000000	0.000000	0.000000	0.000000	0.000000	0.000000	0.000000	0.000000	1791490879.412478	0.000000
106.000000	-2.116911	-2.914670	-3.575249	-4.830691	-6.100268	-5.543132	-3.812712	-0.886198	-1.643494	-2.747049	-4.066287	-4.543393	-1.544349	-1.615349	-3.152625	-3.429085	0.000000	0.000000	0.000000	0.000000	0.000000	0.000000	0.000000	0.000000	0.000000	0.000000	0.000000	0.000000	0.000000	1791490879.412488	0.000000
107.000000	-2.233179	-3.243306	-4.434166	-6.404627	-6.421502	-5.881891	-4.771354	-2.387501	-3.372849	-5.354790	-6.681713	-6.196052	-3.660613	-3.962485	-4.508634	-6.171864	0.000000	0.000000	0.000000	0.000000	0.000000	0.000000	0.000000	0.000000	0.000000	0.000000	0.000000	0.000000	0.000000	1791490879.412498	0.000000
108.000000	-0.675793	-1.416638	-2.514440	-4.091936	-2.883051	-2.749165	-2.984178	-2.300942	-3.038700	-4.711132	-5.273890	-4.075856	-3.712872	-4.108693	-3.051601	-5.118937	0.000000	0.000000	0.000000	0.000000	0.000000	0.000000	0.000000	0.000000	0.000000	0.000000	0.000000	0.000000	0.000000	1791490879.412508	0.000000
109.000000	1.683374	1.516157	1.087780	0.746894	2.409428	2.002750	0.585859	-0.511494	-0.695266	-1.037056	-0.551342	0.518640	-1.519303	-1.803222	0.582134	-0.661544	0.000000	0.000000	0.000000	0.000000	0.000000	0.000000	0.000000	0.000000	0.000000	0.000000	0.000000	0.000000	0.000000	1791490879.412517	0.000000
110.000000	3.222025	3.657077	4.130326	5.157388	6.261519	5.551629	3.890366	1.849554	2.257007	3.470690	4.663795	4.762518	1.729353	1.714704	4.213643	4.524467	0.000000	0.000000	0.000000	0.000000	0.000000	0.000000	0.000000	0.000000	0.000000	0.000000	0.000000	0.000000	0.000000	1791490879.412526	0.000000
111.000000	2.693471	3.507867	4.647181	6.429644	6.348828	5.804836	4.976525	3.142096	3.926985	5.980613	7.151773	6.069990	4.118427	4.374761	5.449433	7.111792	0.000000	0.000000	0.000000	0.000000	0.000000	0.000000	0.000000	0.000000	0.000000	0.000000	0.000000	0.000000	0.000000	1791490879.412536	0.000000
112.000000	0.204806	1.031109	2.245467	3.797303	2.643158	2.650037	3.154135	2.368699	3.167644	4.835295	5.313708	3.693307	4.147617	4.509704	3.276291	5.286464	0.000000	0.000000	0.000000	0.000000	0.000000	0.000000	0.000000	0.000000	0.000000	0.000000	0.000000	0.000000	0.000000	1791490879.412545	0.000000
113.000000	-2.708166	-2.239822	-1.601319	-1.096311	-2.589966	-2.005620	-0.558897	-0.078904	0.365210	0.648823	0.203107	-0.853027	1.672723	1.916653	-1.153454	0.014081	0.000000	0.000000	0.000000	0.000000	0.000000	0.000000	0.000000	0.000000	0.000000	0.000000	0.000000	0.000000	0.000000	1791490879.412555	0.000000
114.000000	-4.049387	-4.169430	-4.478873	-5.248656	-6.202613	-5.408416	-4.001299	-2.626023	-2.760102	-4.033113	-5.093793	-4.775926	-1.935795	-1.936319	-5.132051	-5.471086	0.000000	0.000000	0.000000	0.000000	0.000000	0.000000	0.000000	0.000000	0.000000	0.000000	0.000000	0.000000	0.000000	1791490879.412564	0.000000
115.000000	-2.747367	-3.438657	-4.574519	-6.170230	-6.080874	-5.602102	-5.127427	-3.554992	-4.231850	-6.308473	-7.347004	-5.738163	-4.546906	-4.735058	-6.076332	-7.679839	0.000000	0.000000	0.000000	0.000000	0.000000	0.000000	0.000000	0.000000	0.000000	0.000000	0.000000	0.000000	0.000000	1791490879.412573	0.000000
116.000000	0.514083	-0.455118	-1.831959	-3.389079	-2.382536	-2.548770	-3.224153	-2.177841	-3.085330	-4.737706	-5.168833	-3.255014	-4.524011	-4.716128	-3.223773	-5.114544	0.000000	0.000000	0.000000	0.000000	0.000000	0.000000	0.000000	0.000000	0.000000	0.000000	0.000000	0.000000	0.000000	1791490879.412583	0.000000
117.000000	3.646464	2.875182	2.022392	1.326153	2.624869	1.909260	0.635835	0.663660	-0.003963	-0.256807	0.130854	1.079556	-1.749268	-1.792917	1.776731	0.711915	0.000000	0.000000	0.000000	0.000000	0.000000	0.000000	0.000000	0.000000	0.000000	0.000000	0.000000	0.000000	0.000000	1791490879.412592	0.000000
118.000000	4.514191	4.384760	4.585732	5.110204	5.971973	5.172286	4.188582	3.130951	3.098687	4.395183	5.345753	4.625303	2.219369	2.312939	5.828236	6.181683	0.000000	0.000000	0.000000	0.000000	0.000000	0.000000	0.000000	0.000000	0.000000	0.000000	0.000000	0.000000	0.000000	1791490879.412601	0.000000
119.000000	2.406504	3.076073	4.295727	5.758268	5.753925	5.396524	5.296615	3.607865	4.289526	6.374378	7.331470	5.311909	5.009133	5.074201	6.336692	7.852067	0.000000	0.000000	0.000000	0.000000	0.000000	0.000000	0.000000	0.000000	0.000000	0.000000	0.000000	0.000000	0.000000	1791490879.412611	0.000000
120.000000	-1.398793	-0.210788	1.387620	3.007775	2.202127	2.520485	3.230747	1.778797	2.837721	4.486961	4.912714	2.844323	4.847302	4.720021	2.898395	4.650298	0.000000	0.000000	0.000000	0.000000	0.000000	0.000000	0.000000	0.000000	0.000000	0.000000	0.000000	0.000000	0.000000	1791490879.412620	0.000000
121.000000	-4.416346	-3.345595	-2.296689	-1.396040	-2.529285	-1.751431	-0.846630	-1.165169	-0.335644	-0.091931	-0.423263	-1.200410	1.691629	1.391042	-2.390840	-1.433551	0.000000	0.000000	0.000000	0.000000	0.000000	0.000000	0.000000	0.000000	0.000000	0.000000	0.000000	0.000000	0.000000	1791490879.412629	0.000000
122.000000	-4.594929	-4.305718	-4.490252	-4.819095	-5.675777	-4.955874	-4.515303	-3.321695	-3.253845	-4.563440	-5.450438	-4.384176	-2.643990	-2.873993	-6.233377	-6.601730	0.000000	0.000000	0.000000	0.000000	0.000000	0.000000	0.000000	0.000000	0.000000	0.000000	0.000000	0.000000	0.000000	1791490879.412639	0.000000
123.000000	-1.723440	-2.495259	-3.904083	-5.315095	-5.469706	-5.275477	-5.517828	-3.330285	-4.131288	-6.230896	-7.163325	-4.874997	-5.515815	-5.374096	-6.216149	-7.646920	0.000000	0.000000	0.000000	0.000000	0.000000	0.000000	0.000000	0.000000	0.000000	0.000000	0.000000	0.000000	0.000000	1791490879.412648	0.000000
124.000000	2.365067	0.880259	-0.981698	-2.719866	-2.118776	-2.556757	-3.148427	-1.247470	-2.477741	-4.135970	-4.580436	-2.492836	-5.064202	-4.467614	-2.349312	-3.964972	0.000000	0.000000	0.000000	0.000000	0.000000	0.000000	0.000000	0.000000	0.000000	0.000000	0.000000	0.000000	0.000000	1791490879.412657	0.000000
125.000000	4.967454	3.619597	2.430427	1.337998	2.371238	1.616596	1.242352	1.526591	0.626782	0.389630	0.689787	1.254039	-1.431309	-0.676797	2.935194	2.091368	0.000000	0.000000	0.000000	0.000000	0.000000	0.000000	0.000000	0.000000	0.000000	0.000000	0.000000	0.000000	0.000000	1791490879.412667	0.000000
126.000000	4.309772	3.973045	4.256720	4.460369	5.393088	4.833567	4.994561	3.202637	3.242413	4.575920	5.451070	4.120771	3.225725	3.585902	6.330216	6.728293	0.000000	0.000000	0.000000	0.000000	0.000000	0.000000	0.000000	0.000000	0.000000	0.000000	0.000000	0.000000	0.000000	1791490879.412676	0.000000
127.000000	0.769124	1.774189	3.462832	4.897083	5.247434	5.238729	5.743840	2.781310	3.796879	5.924105	6.868511	4.468812	6.010615	5.549616	5.751669	7.112968	0.000000	0.000000	0.000000	0.000000	0.000000	0.000000	0.000000	0.000000	0.000000	0.000000	0.000000	0.000000	0.000000	1791490879.412686	0.000000
128.000000	-3.331336	-1.486463	0.638316	2.519173	2.093530	2.600960	2.918600	0.662636	2.042465	3.709051	4.168743	2.196382	5.100362	3.901756	1.638954	3.124304	0.000000	0.000000	0.000000	0.000000	0.000000	0.000000	0.000000	0.000000	0.000000	0.000000	0.000000	0.000000	0.000000	1791490879.412695	0.000000
129.000000	-5.253078	-3.676633	-2.436407	-1.190188	-2.190333	-1.548851	-1.825350	-1.696079	-0.849230	-0.636685	-0.938817	-1.268821	0.950840	-0.313193	-3.366617	-2.642107	0.000000	0.000000	0.000000	0.000000	0.000000	0.000000	0.000000	0.000000	0.000000	0.000000	0.000000	0.000000	0.000000	1791490879.412704	0.000000
130.000000	-3.684268	-3.429598	-3.921755	-4.064616	-5.126126	-4.797192	-5.561022	-2.794553	-3.075080	-4.454346	-5.348308	-3.864842	-3.908623	-4.339400	-6.132594	-6.573020	0.000000	0.000000	0.000000	0.000000	0.000000	0.000000	0.000000	0.000000	0.000000	0.000000	0.000000	0.000000	0.000000	1791490879.412714	0.000000
131.000000	0.356705	-1.003946	-3.021507	-4.517734	-5.066825	-5.245657	-5.895945	-2.059754	-3.334748	-5.494911	-6.456526	-4.116842	-6.418441	-5.510531	-5.015969	-6.319800	0.000000	0.000000	0.000000	0.000000	0.000000	0.000000	0.000000	0.000000	0.000000	0.000000	0.000000	0.000000	0.000000	1791490879.412723	0.000000
132.000000	4.183728	1.949485	-0.394423	-2.406151	-2.114368	-2.622488	-2.514295	-0.134632	-1.591439	-3.247274	-3.706323	-1.965366	-4.927459	-3.028413	-0.849646	-2.211478	0.000000	0.000000	0.000000	0.000000	0.000000	0.000000	0.000000	0.000000	0.000000	0.000000	0.000000	0.000000	0.000000	1791490879.412733	0.000000
133.000000	5.236270	3.515477	2.323661	0.967129	1.982895	1.545111	2.546840	1.647454	0.983423	0.825194	1.144155	1.255946	-0.289956	1.476763	3.660743	3.054549	0.000000	0.000000	0.000000	0.000000	0.000000	0.000000	0.000000	0.000000	0.000000	0.000000	0.000000	0.000000	0.000000	1791490879.412742	0.000000
134.000000	2.797743	2.761151	3.541498	3.657841	4.866429	4.813741	6.120251	2.185990	2.794843	4.235806	5.147281	3.643034	4.615576	5.007971	5.698568	6.184379	0.000000	0.000000	0.000000	0.000000	0.000000	0.000000	0.000000	0.000000	0.000000	0.000000	0.000000	0.000000	0.000000	1791490879.412752	0.000000
135.000000	-1.517259	0.287502	2.637863	4.195829	4.922115	5.256066	5.899458	1.295661	2.813794	4.995654	5.963446	3.839635	6.680738	5.197663	4.105365	5.356726	0.000000	0.000000	0.000000	0.000000	0.000000	0.000000	0.000000	0.000000	0.000000	0.000000	0.000000	0.000000	0.000000	1791490879.412761	0.000000
136.000000	-4.835745	-2.235428	0.257590	2.373259	2.176011	2.601572	1.937779	-0.274313	1.157995	2.773371	3.229549	1.798398	4.549162	1.904039	0.041017	1.285240	0.000000	0.000000	0.000000	0.000000	0.000000	0.000000	0.000000	0.000000	0.000000	0.000000	0.000000	0.000000	0.000000	1791490879.412770	0.000000
137.000000	-4.943220	-3.196315	-2.143803	-0.704349	-1.759233	-1.592532	-3.326450	-1.431730	-1.058811	-0.980008	-1.300656	-1.235257	-0.486134	-2.676417	-3.838775	-3.343912	0.000000	0.000000	0.000000	0.000000	0.000000	0.000000	0.000000	0.000000	0.000000	0.000000	0.000000	0.000000	0.000000	1791490879.412780	0.000000
138.000000	-1.762339	-2.069425	-3.184940	-3.283091	-4.627392	-4.849565	-6.573942	-1.492242	-2.465406	-3.968740	-4.877077	-3.475802	-5.265574	-5.470534	-5.111079	-5.634217	0.000000	0.000000	0.000000	0.000000	0.000000	0.000000	0.000000	0.000000	0.000000	0.000000	0.000000	0.000000	0.000000	1791490879.412789	0.000000
139.000000	2.597248	0.313845	-2.338124	-3.944660	-4.811733	-5.234242	-5.707649	-0.576138	-2.274423	-4.451878	-5.420538	-3.635952	-6.752418	-4.591384	-3.097529	-4.289464	0.000000	0.000000	0.000000	0.000000	0.000000	0.000000	0.000000	0.000000	0.000000	0.000000	0.000000	0.000000	0.000000	1791490879.412799	0.000000
140.000000	5.248142	2.373509	-0.179216	-2.374360	-2.240781	-2.509356	-1.216985	0.571301	-0.718505	-2.259148	-2.732249	-1.660257	-3.974892	-0.616947	0.779561	-0.346849	0.000000	0.000000	0.000000	0.000000	0.000000	0.000000	0.000000	0.000000	0.000000	0.000000	0.000000	0.000000	0.000000	1791490879.412808	0.000000
141.000000	4.442224	2.821918	1.991015	0.488281	1.581461	1.704139	4.090135	1.148245	1.151360	1.165704	1.453549	1.256111	1.326343	3.783929	3.973493	3.576176	0.000000	0.000000	0.000000	0.000000	0.000000	0.000000	0.000000	0.000000	0.000000	0.000000	0.000000	0.000000	0.000000	1791490879.412817	0.000000
142.000000	0.714791	1.453366	2.912810	2.993068	4.440037	4.881979	6.848972	0.833642	2.152077	3.693950	4.572929	3.375310	5.786538	5.640762	4.463683	4.995448	0.000000	0.000000	0.000000	0.000000	0.000000	0.000000	0.000000	0.000000	0.000000	0.000000	0.000000	0.000000	0.000000	1791490879.412827	0.000000
143.000000	-3.487895	-0.787746	2.087263	3.721415	4.688073	5.115522	5.286631	-0.051857	1.708362	3.832492	4.803553	3.447556	6.566662	3.689652	2.026375	3.129339	0.000000	0.000000	0.000000	0.000000	0.000000	0.000000	0.000000	0.000000	0.000000	0.000000	0.000000	0.000000	0.000000	1791490879.412843	0.000000
144.000000	-5.427033	-2.452788	0.050269	2.298371	2.208080	2.278245	0.376167	-0.824150	0.191956	1.621476	2.143567	1.459006	3.183794	-0.758651	-1.665637	-0.662574	0.000000	0.000000	0.000000	0.000000	0.000000	0.000000	0.000000	0.000000	0.000000	0.000000	0.000000	0.000000	0.000000	1791490879.412853	0.000000
145.000000	-3.855781	-2.510216	-1.953952	-0.397988	-1.515307	-1.888223	-4.766269	-0.928604	-1.345850	-1.441618	-1.650739	-1.359622	-2.174288	-4.693039	-4.157107	-3.823484	0.000000	0.000000	0.000000	0.000000	0.000000	0.000000	0.000000	0.000000	0.000000	0.000000	0.000000	0.000000	0.000000	1791490879.412863	0.000000
146.000000	0.195864	-0.965754	-2.716321	-2.762996	-4.272990	-4.841575	-6.871641	-0.306380	-1.874159	-3.391619	-4.208125	-3.285408	-6.068521	-5.441392	-3.813153	-4.293258	0.000000	0.000000	0.000000	0.000000	0.000000	0.000000	0.000000	0.000000	0.000000	0.000000	0.000000	0.000000	0.000000	1791490879.412872	0.000000
147.000000	4.121377	1.178463	-1.792403	-3.424675	-4.450734	-4.808184	-4.616213	0.591972	-1.064389	-3.060286	-4.034298	-3.165625	-6.040238	-2.493818	-0.881089	-1.847144	0.000000	0.000000	0.000000	0.000000	0.000000	0.000000	0.000000	0.000000	0.000000	0.000000	0.000000	0.000000	0.000000	1791490879.412882	0.000000
148.000000	5.429869	2.567632	0.221004	-2.060428	-1.997225	-1.873488	0.532254	1.123504	0.490239	-0.800583	-1.408379	-1.128488	-2.191408	2.139552	2.669992	1.786946	0.000000	0.000000	0.000000	0.000000	0.000000	0.000000	0.000000	0.000000	0.000000	0.000000	0.000000	0.000000	0.000000	1791490879.412891	0.000000
149.000000	3.318218	2.329755	2.046865	0.430765	1.556127	2.094736	5.270330	0.878555	1.672186	1.795423	1.871458	1.512132	2.921485	5.294359	4.435137	4.103508	0.000000	0.000000	0.000000	0.000000	0.000000	0.000000	0.000000	0.000000	0.000000	0.000000	0.000000	0.000000	0.000000	1791490879.412901	0.000000
150.000000	-0.863516	0.602496	2.526302	2.509482	4.046060	4.639611	6.594179	-0.047319	1.607481	2.990951	3.703191	3.102683	5.995264	4.817784	3.166562	3.512336	0.000000	0.000000	0.000000	0.000000	0.000000	0.000000	0.000000	0.000000	0.000000	0.000000	0.000000	0.000000	0.000000	1791490879.412910	0.000000
151.000000	-4.500623	-1.551126	1.364347	2.962922	4.013736	4.260151	3.723626	-1.091682	0.295029	2.073585	3.045625	2.703653	5.142955	1.048368	-0.360900	0.423339	0.000000	0.000000	0.000000	0.000000	0.000000	0.000000	0.000000	0.000000	0.000000	0.000000	0.000000	0.000000	0.000000	1791490879.412920	0.000000
152.000000	-5.354539	-2.783593	-0.664424	1.639489	1.587912	1.320397	-1.430189	-1.554091	-1.348612	-0.193853	0.534942	0.667750	1.077201	-3.414621	-3.805720	-3.015283	0.000000	0.000000	0.000000	0.000000	0.000000	0.000000	0.000000	0.000000	0.000000	0.000000	0.000000	0.000000	0.000000	1791490879.412929	0.000000
153.000000	-2.924530	-2.285238	-2.210525	-0.515491	-1.640995	-2.244599	-5.537712	-1.034484	-2.097910	-2.145419	-2.032226	-1.630441	-3.444006	-5.498822	-4.783053	-4.371991	0.000000	0.000000	0.000000	0.000000	0.000000	0.000000	0.000000	0.000000	0.000000	0.000000	0.000000	0.000000	0.000000	1791490879.412938	0.000000
154.000000	1.283759	-0.301707	-2.242700	-2.125011	-3.663908	-4.208347	-6.015486	0.273242	-1.292970	-2.404745	-2.966341	-2.724665	-5.496781	-3.776076	-2.481319	-2.614393	0.000000	0.000000	0.000000	0.000000	0.000000	0.000000	0.000000	0.000000	0.000000	0.000000	0.000000	0.000000	0.000000	1791490879.412948	0.000000
155.000000	4.706672	1.975762	-0.750278	-2.283733	-3.329452	-3.468977	-2.668676	1.627676	0.626661	-0.858889	-1.817792	-2.017446	-3.911374	0.549151	1.708394	1.127880	0.000000	0.000000	0.000000	0.000000	0.000000	0.000000	0.000000	0.000000	0.000000	0.000000	0.000000	0.000000	0.000000	1791490879.412957	0.000000
156.000000	5.282094	3.109644	1.233579	-1.090352	-1.025202	-0.684899	2.243240	2.141380	2.341677	1.279320	0.399241	-0.124781	0.046052	4.470279	5.020742	4.274793	0.000000	0.000000	0.000000	0.000000	0.000000	0.000000	0.000000	0.000000	0.000000	0.000000	0.000000	0.000000	0.000000	1791490879.412966	0.000000
157.000000	2.675985	2.308371	2.329442	0.524920	1.660829	2.251165	5.530246	1.337047	2.534883	2.370575	2.014904	1.610461	3.639357	5.262998	5.118702	4.543978	0.000000	0.000000	0.000000	0.000000	0.000000	0.000000	0.000000	0.000000	0.000000	0.000000	0.000000	0.000000	0.000000	1791490879.412975	0.000000
158.000000	-1.539382	-0.031077	1.769329	1.509274	3.036901	3.504336	5.157979	-0.472194	0.859890	1.566874	1.935126	2.072863	4.559645	2.379500	1.707527	1.566235	0.000000	0.000000	0.000000	0.000000	0.000000	0.000000	0.000000	0.000000	0.000000	0.000000	0.000000	0.000000	0.000000	1791490879.412985	0.000000
159.000000	-4.837667	-2.497365	-0.050528	1.398885	2.402441	2.470010	1.522133	-2.258494	-1.696501	-0.539433	0.400101	1.117316	2.434762	-2.167153	-3.137989	-2.756776	0.000000	0.000000	0.000000	0.000000	0.000000	0.000000	0.000000	0.000000	0.000000	0.000000	0.000000	0.000000	0.000000	1791490879.412994	0.000000
160.000000	-5.243911	-3.500460	-1.828011	0.535303	0.413011	0.061301	-2.896550	-2.844060	-3.381938	-2.327349	-1.266231	-0.409576	-1.050225	-5.199675	-6.227559	-5.458902	0.000000	0.000000	0.000000	0.000000	0.000000	0.000000	0.000000	0.000000	0.000000	0.000000	0.000000	0.000000	0.000000	1791490879.413004	0.000000
161.000000	-2.505700	-2.287591	-2.269742	-0.316343	-1.484680	-2.024598	-5.220786	-1.662797	-2.862364	-2.346950	-1.708140	-1.352577	-3.434647	-4.587787	-5.341369	-4.522032	0.000000	0.000000	0.000000	0.000000	0.000000	0.000000	0.000000	0.000000	0.000000	0.000000	0.000000	0.000000	0.000000	1791490879.413013	0.000000
162.000000	1.751876	0.500481	-1.030368	-0.604411	-2.102059	-2.503692	-4.062104	0.762687	-0.233812	-0.443459	-0.595577	-1.113664	-3.218569	-0.740474	-0.794460	-0.342670	0.000000	0.000000	0.000000	0.000000	0.000000	0.000000	0.000000	0.000000	0.000000	0.000000	0.000000	0.000000	0.000000	1791490879.413023	0.000000
163.000000	4.980486	3.138906	1.004015	-0.373530	-1.283800	-1.322449	-0.362605	3.004451	2.885297	2.041405	1.115146	-0.057673	-0.830769	3.662639	4.609864	4.395375	0.000000	0.000000	0.000000	0.000000	0.000000	0.000000	0.000000	0.000000	0.000000	0.000000	0.000000	0.000000	0.000000	1791490879.413032	0.000000
164.000000	5.224321	3.874044	2.326908	-0.111114	0.117827	0.443872	3.325592	3.560208	4.346280	3.196235	1.930577	0.833885	1.812529	5.527675	7.309966	6.444827	0.000000	0.000000	0.000000	0.000000	0.000000	0.000000	0.000000	0.000000	0.000000	0.000000	0.000000	0.000000	0.000000	1791490879.413041	0.000000
165.000000	2.307614	2.090652	1.909319	-0.220570	0.992267	1.477852	4.595221	1.860104	2.945177	1.967054	1.025219	0.781702	2.781359	3.510951	5.334240	4.210065	0.000000	0.000000	0.000000	0.000000	0.000000	0.000000	0.000000	0.000000	0.000000	0.000000	0.000000	0.000000	0.000000	1791490879.413051	0.000000
166.000000	-2.029296	-1.187871	-0.007362	-0.596161	0.836073	1.199816	2.770480	-1.227031	-0.630542	-0.960386	-1.027205	-0.144577	1.535437	-1.017852	-0.283152	-1.053562	0.000000	0.000000	0.000000	0.000000	0.000000	0.000000	0.000000	0.000000	0.000000	0.000000	0.000000	0.000000	0.000000	1791490879.413060	0.000000
167.000000	-5.158096	-3.866927	-2.031092	-0.692428	0.066766	0.112333	-0.731794	-3.810970	-4.109704	-3.529256	-2.603860	-1.072197	-0.761872	-4.903650	-6.028042	-5.939991	0.000000	0.000000	0.000000	0.000000	0.000000	0.000000	0.000000	0.000000	0.000000	0.000000	0.000000	0.000000	0.000000	1791490879.413070	0.000000
168.000000	-5.157814	-4.119239	-2.609944	-0.057221	-0.429406	-0.712325	-3.464071	-4.146553	-5.090504	-3.746782	-2.261676	-1.048279	-2.213155	-5.399669	-8.122322	-7.108667	0.000000	0.000000	0.000000	0.000000	0.000000	0.000000	0.000000	0.000000	0.000000	0.000000	0.000000	0.000000	0.000000	1791490879.413080	0.000000
169.000000	-2.006437	-1.637246	-1.197000	1.126569	-0.116526	-0.559028	-3.654366	-1.823457	-2.702396	-1.188703	0.061021	0.122602	-1.677269	-2.101650	-5.022652	-3.567531	0.000000	0.000000	0.000000	0.000000	0.000000	0.000000	0.000000	0.000000	0.000000	0.000000	0.000000	0.000000	0.000000	1791490879.413089	0.000000
170.000000	2.381417	2.066971	1.275546	2.005835	0.695778	0.341485	-1.365488	1.841644	1.679036	2.545484	2.822764	1.612401	0.357932	2.740003	1.462479	2.540468	0.000000	0.000000	0.000000	0.000000	0.000000	0.000000	0.000000	0.000000	0.000000	0.000000	0.000000	0.000000	0.000000	1791490879.413098	0.000000
171.000000	5.317041	4.580090	3.004630	1.656758	1.105594	1.030838	1.657646	4.551078	5.228054	4.840014	3.900797	2.140909	2.175418	5.763149	7.239895	7.249464	0.000000	0.000000	0.000000	0.000000	0.000000	0.000000	0.000000	0.000000	0.000000	0.000000	0.000000	0.000000	0.000000	1791490879.413108	0.000000
172.000000	4.994603	4.165955	2.611281	-0.097158	0.429639	0.668802	3.282341	4.488641	5.512000	3.892931	2.178862	0.994851	2.188882	4.826278	8.546813	7.368864	0.000000	0.000000	0.000000	0.000000	0.000000	0.000000	0.000000	0.000000	0.000000	0.000000	0.000000	0.000000	0.000000	1791490879.413117	0.000000
173.000000	1.613047	0.963743	0.198320	-2.320800	-1.095788	-0.680578	2.479127	1.550940	2.163390	0.085734	-1.468375	-1.284617	0.223462	0.510970	4.420966	2.648259	0.000000	0.000000	0.000000	0.000000	0.000000	0.000000	0.000000	0.000000	0.000000	0.000000	0.000000	0.000000	0.000000	1791490879.413127	0.000000
174.000000	-2.744473	-3.023373	-2.623280	-3.453385	-2.342479	-1.983801	-0.026622	-2.498761	-2.774197	-4.129483	-4.601285	-3.133078	-2.273031	-4.253373	-2.610693	-3.965538	0.000000	0.000000	0.000000	0.000000	0.000000	0.000000	0.000000	0.000000	0.000000	0.000000	0.000000	0.000000	0.000000	1791490879.413137	0.000000
175.000000	-5.401382	-5.188360	-3.812653	-2.400616	-2.106341	-2.002243	-2.352512	-5.105615	-6.112840	-5.829620	-4.858398	-3.034220	-3.283433	-6.190061	-8.106961	-8.196682	0.000000	0.000000	0.000000	0.000000	0.000000	0.000000	0.000000	0.000000	0.000000	0.000000	0.000000	0.000000	0.000000	1791490879.413146	0.000000
176.000000	-4.739617	-4.026965	-2.353111	0.535080	-0.125794	-0.329610	-2.835108	-4.556381	-5.597809	-3.647033	-1.699261	-0.694511	-1.775823	-3.923429	-8.549231	-7.228129	0.000000	0.000000	0.000000	0.000000	0.000000	0.000000	0.000000	0.000000	0.000000	0.000000	0.000000	0.000000	0.000000	1791490879.413156	0.000000
177.000000	-1.185933	-0.169840	0.946649	3.631377	2.506497	2.114829	-1.195606	-1.112737	-1.429144	1.184899	3.024849	2.562495	1.407669	1.067972	-3.609126	-1.576129	0.000000	0.000000	0.000000	0.000000	0.000000	0.000000	0.000000	0.000000	0.000000	0.000000	0.000000	0.000000	0.000000	1791490879.413165	0.000000
178.000000	3.067252	3.959984	3.906523	4.772934	3.948675	3.592286	1.308563	3.106495	3.797324	5.541139	6.174330	4.556131	4.034012	5.439803	3.620814	5.194143	0.000000	0.000000	0.000000	0.000000	0.000000	0.000000	0.000000	0.000000	0.000000	0.000000	0.000000	0.000000	0.000000	1791490879.413175	0.000000
179.000000	5.418019	5.674642	4.420973	2.899962	2.890072	2.766382	2.819413	5.443064	6.724553	6.448087	5.423507	3.712675	4.043149	6.233404	8.586613	8.744180	0.000000	0.000000	0.000000	0.000000	0.000000	0.000000	0.000000	0.000000	0.000000	0.000000	0.000000	0.000000	0.000000	1791490879.413184	0.000000
180.000000	4.444638	3.764572	1.929662	-1.122031	-0.384857	-0.215324	2.217065	4.387575	5.401907	3.107587	0.939990	0.242353	1.093880	2.865365	8.166189	6.758871	0.000000	0.000000	0.000000	0.000000	0.000000	0.000000	0.000000	0.000000	0.000000	0.000000	0.000000	0.000000	0.000000	1791490879.413193	0.000000
181.000000	0.760493	-0.669266	-2.101789	-4.881363	-3.962649	-3.605195	-0.084914	0.560654	0.581876	-2.471458	-4.551081	-3.819506	-3.035527	-2.475555	2.646891	0.454659	0.000000	0.000000	0.000000	0.000000	0.000000	0.000000	0.000000	0.000000	0.000000	0.000000	0.000000	0.000000	0.000000	1791490879.413203	0.000000
182.000000	-3.372284	-4.852623	-5.058675	-5.890914	-5.432484	-5.091411	-2.433911	-3.650517	-4.710498	-6.700880	-7.448255	-5.820567	-5.542816	-6.274760	-4.469575	-6.179094	0.000000	0.000000	0.000000	0.000000	0.000000	0.000000	0.000000	0.000000	0.000000	0.000000	0.000000	0.000000	0.000000	1791490879.413213	0.000000
183.000000	-5.425219	-6.072530	-4.874018	-3.233201	-3.500816	-3.360467	-3.104458	-5.587642	-7.086577	-6.735583	-5.645593	-4.220455	-4.500507	-6.008772	-8.702648	-8.923773	0.000000	0.000000	0.000000	0.000000	0.000000	0.000000	0.000000	0.000000	0.000000	0.000000	0.000000	0.000000	0.000000	1791490879.413222	0.000000
184.000000	-4.143690	-3.426800	-1.443130	1.708990	0.987546	0.862695	-1.523003	-4.010553	-4.972392	-2.379764	-0.028217	0.282152	-0.273472	-1.803762	-7.436437	-6.028616	0.000000	0.000000	0.000000	0.000000	0.000000	0.000000	0.000000	0.000000	0.000000	0.000000	0.000000	0.000000	0.000000	1791490879.413231	0.000000
185.000000	-0.313728	1.533061	3.195435	5.977074	5.378728	5.070113	1.295128	0.097430	0.347165	3.694048	5.950847	5.018508	4.554706	3.641544	-1.555246	0.669609	0.000000	0.000000	0.000000	0.000000	0.000000	0.000000	0.000000	0.000000	0.000000	0.000000	0.000000	0.000000	0.000000	1791490879.413241	0.000000
186.000000	3.714263	5.713058	6.084680	6.829887	6.791471	6.470935	3.407489	4.138693	5.511957	7.603259	8.417084	6.940946	6.783017	6.806869	5.163524	6.921918	0.000000	0.000000	0.000000	0.000000	0.000000	0.000000	0.000000	0.000000	0.000000	0.000000	0.000000	0.000000	0.000000	1791490879.413250	0.000000
187.000000	5.461169	6.406975	5.235056	3.504044	4.001056	3.833269	3.269001	5.551619	7.219494	6.751216	5.596154	4.585527	4.717757	5.629905	8.487005	8.779787	0.000000	0.000000	0.000000	0.000000	0.000000	0.000000	0.000000	0.000000	0.000000	0.000000	0.000000	0.000000	0.000000	1791490879.413260	0.000000
188.000000	3.838890	3.038732	0.965519	-2.192064	-1.604996	-1.544415	0.822066	3.446131	4.345500	1.546030	-0.938879	-0.859384	-0.592664	0.834513	6.412233	5.101352	0.000000	0.000000	0.000000	0.000000	0.000000	0.000000	0.000000	0.000000	0.000000	0.000000	0.000000	0.000000	0.000000	1791490879.413269	0.000000
189.000000	-0.175105	-2.401743	-4.190883	-6.880174	-6.704199	-6.455364	-2.398659	-0.829162	-1.316448	-4.793970	-7.158670	-6.140263	-5.891281	-4.540698	0.384156	-1.747783	0.000000	0.000000	0.000000	0.000000	0.000000	0.000000	0.000000	0.000000	0.000000	0.000000	0.000000	0.000000	0.000000	1791490879.413279	0.000000
190.000000	-4.122080	-6.539583	-7.005019	-7.636897	-8.024637	-7.712727	-4.241092	-4.551654	-6.181719	-8.252700	-9.090506	-7.900356	-7.739695	-7.088877	-5.698259	-7.426807	0.000000	0.000000	0.000000	0.000000	0.000000	0.000000	0.000000	0.000000	0.000000	0.000000	0.000000	0.000000	0.000000	1791490879.413288	0.000000
191.000000	-5.557622	-6.707481	-5.572782	-3.813002	-4.441949	-4.215660	-3.364441	-5.364442	-7.154709	-6.573642	-5.367528	-4.822315	-4.758745	-5.196879	-8.008806	-8.385346	0.000000	0.000000	0.000000	0.000000	0.000000	0.000000	0.000000	0.000000	0.000000	0.000000	0.000000	0.000000	0.000000	1791490879.413298	0.000000
192.000000	-3.556232	-2.653178	-0.575549	2.481071	2.154394	2.184710	-0.180388	-2.774650	-3.604342	-0.724458	1.829853	1.423195	1.383900	-0.050678	-5.211569	-4.090375	0.000000	0.000000	0.000000	0.000000	0.000000	0.000000	0.000000	0.000000	0.000000	0.000000	0.000000	0.000000	0.000000	1791490879.413307	0.000000
193.000000	0.696469	3.226740	5.042019	7.560207	7.859835	7.666736	3.340885	1.548849	2.233004	5.681299	8.079918	7.093333	6.932107	5.135864	0.767843	2.690280	0.000000	0.000000	0.000000	0.000000	0.000000	0.000000	0.000000	0.000000	0.000000	0.000000	0.000000	0.000000	0.000000	1791490879.413317	0.000000
194.000000	4.603368	7.314718	7.826155	8.343260	9.092559	8.750568	4.911928	4.859841	6.679381	8.647491	9.473344	8.647215	8.380671	7.156132	6.062559	7.690038	0.000000	0.000000	0.000000	0.000000	0.000000	0.000000	0.000000	0.000000	0.000000	0.000000	0.000000	0.000000	0.000000	1791490879.413332	0.000000
195.000000	5.736891	7.003291	5.942198	4.224013	4.853003	4.521914	3.420739	5.088601	6.947630	6.303798	5.073385	4.973999	4.708851	4.801953	7.369450	7.843333	0.000000	0.000000	0.000000	0.000000	0.000000	0.000000	0.000000	0.000000	0.000000	0.000000	0.000000	0.000000	0.000000	1791490879.413342	0.000000
196.000000	3.337429	2.344665	0.357613	-2.506960	-2.533484	-2.670396	-0.311000	2.132452	2.885922	0.069898	-2.480081	-1.843446	-1.934058	-0.438376	4.007127	3.159835	0.000000	0.000000	0.000000	0.000000	0.000000	0.000000	0.000000	0.000000	0.000000	0.000000	0.000000	0.000000	0.000000	1791490879.413352	0.000000
197.000000	-1.193915	-3.920609	-5.671831	-7.965504	-8.718759	-8.550643	-4.012075	-2.122970	-2.958288	-6.241230	-8.599462	-7.741794	-7.536672	-5.363243	-1.755578	-3.370315	0.000000	0.000000	0.000000	0.000000	0.000000	0.000000	0.000000	0.000000	0.000000	0.000000	0.000000	0.000000	0.000000	1791490879.413373	0.000000
198.000000	-5.118412	-7.994199	-8.523065	-8.938117	-9.928098	-9.501468	-5.377664	-5.025197	-6.960579	-8.789171	-9.575095	-9.135983	-8.694563	-7.044059	-6.235127	-7.708959	0.000000	0.000000	0.000000	0.000000	0.000000	0.000000	0.000000	0.000000	0.000000	0.000000	0.000000	0.000000	0.000000	1791490879.413398	0.000000
199.000000	-6.010469	-7.325993	-6.384406	-4.771049	-5.274245	-4.803504	-3.508485	-4.814715	-6.678966	-6.051663	-4.831914	-5.111030	-4.689368	-4.561065	-6.688974	-7.276184	0.000000	0.000000	0.000000	0.000000	0.000000	0.000000	0.000000	0.000000	0.000000	0.000000	0.000000	0.000000	0.000000	1791490879.413424	0.000000
200.000000	-3.242701	-2.192960	-0.381359	2.223827	2.636671	2.867976	0.529672	-1.677307	-2.333122	0.287929	2.759880	2.000884	2.097353	0.534977	-2.980021	-2.467436	0.000000	0.000000	0.000000	0.000000	0.000000	0.000000	0.000000	0.000000	0.000000	0.000000	0.000000	0.000000	0.000000	1791490879.413449	0.000000
201.000000	1.598956	4.418197	6.036864	8.080564	9.201098	9.010730	4.353391	2.435243	3.388824	6.415971	8.668989	8.010371	7.652369	5.231469	2.454636	3.701867	0.000000	0.000000	0.000000	0.000000	0.000000	0.000000	0.000000	0.000000	0.000000	0.000000	0.000000	0.000000	0.000000	1791490879.413472	0.000000
202.000000	5.632607	8.567138	9.099027	9.442746	10.530397	9.976086	5.691868	5.045685	7.022420	8.715836	9.444131	9.374128	8.742183	6.851574	6.220802	7.514877	0.000000	0.000000	0.000000	0.000000	0.000000	0.000000	0.000000	0.000000	0.000000	0.000000	0.000000	0.000000	0.000000	1791490879.413499	0.000000
203.000000	6.390077	7.707356	6.924878	5.475417	5.757646	5.140060	3.725558	4.643081	6.431050	5.903009	4.728914	5.291342	4.794534	4.558409	6.083608	6.793847	0.000000	0.000000	0.000000	0.000000	0.000000	0.000000	0.000000	0.000000	0.000000	0.000000	0.000000	0.000000	0.000000	1791490879.413510	0.000000
204.000000	3.307308	2.227659	0.653702	-1.653316	-2.429546	-2.725819	-0.443808	1.525982	2.038948	-0.292613	-2.624680	-1.851178	-1.840694	-0.258051	2.263266	2.110381	0.000000	0.000000	0.000000	0.000000	0.000000	0.000000	0.000000	0.000000	0.000000	0.000000	0.000000	0.000000	0.000000	1791490879.413520	0.000000
205.000000	-1.890029	-4.729092	-6.169827	-7.975252	-9.335604	-9.081190	-4.435943	-2.448243	-3.500286	-6.230416	-8.326986	-7.912921	-7.334458	-4.848652	-2.818947	-3.680633	0.000000	0.000000	0.000000	0.000000	0.000000	0.000000	0.000000	0.000000	0.000000	0.000000	0.000000	0.000000	0.000000	1791490879.413529	0.000000
206.000000	-6.153489	-9.076513	-9.606544	-9.928225	-10.969860	-10.261641	-5.957313	-4.988538	-6.929952	-8.519671	-9.177145	-9.425608	-8.613821	-6.674589	-6.090939	-7.201522	0.000000	0.000000	0.000000	0.000000	0.000000	0.000000	0.000000	0.000000	0.000000	0.000000	0.000000	0.000000	0.000000	1791490879.413539	0.000000
207.000000	-6.889914	-8.177458	-7.586015	-6.343505	-6.346994	-5.587295	-4.105632	-4.676418	-6.299255	-5.940958	-4.841614	-5.573081	-5.069859	-4.787627	-5.672639	-6.507337	0.000000	0.000000	0.000000	0.000000	0.000000	0.000000	0.000000	0.000000	0.000000	0.000000	0.000000	0.000000	0.000000	1791490879.413548	0.000000
208.000000	-3.520826	-2.424789	-1.131407	0.877232	1.945387	2.274133	0.118309	-1.719145	-2.040458	-0.051581	2.089046	1.400833	1.202815	-0.288728	-1.915345	-2.115671	0.000000	0.000000	0.000000	0.000000	0.000000	0.000000	0.000000	0.000000	0.000000	0.000000	0.000000	0.000000	0.000000	1791490879.413558	0.000000
209.000000	2.102911	4.923523	6.161713	7.770360	9.219074	8.860776	4.365369	2.219773	3.354417	5.787326	7.685487	7.531879	6.682042	4.329948	2.905023	3.397395	0.000000	0.000000	0.000000	0.000000	0.000000	0.000000	0.000000	0.000000	0.000000	0.000000	0.000000	0.000000	0.000000	1791490879.413567	0.000000
210.000000	6.711641	9.587354	10.122086	10.468507	11.341307	10.459075	6.240788	4.961190	6.801935	8.332340	8.911052	9.398732	8.406952	6.556706	5.973288	6.912922	0.000000	0.000000	0.000000	0.000000	0.000000	0.000000	0.000000	0.000000	0.000000	0.000000	0.000000	0.000000	0.000000	1791490879.413576	0.000000
211.000000	7.506944	8.746971	8.373319	7.349301	7.068739	6.182031	4.637869	4.986692	6.369349	6.229024	5.231854	6.012736	5.550273	5.200191	5.551432	6.502725	0.000000	0.000000	0.000000	0.000000	0.000000	0.000000	0.000000	0.000000	0.000000	0.000000	0.000000	0.000000	0.000000	1791490879.413585	0.000000
212.000000	3.848209	2.735832	1.745762	0.000492	-1.243976	-1.564264	0.375257	2.239423	2.323899	0.691804	-1.215582	-0.691135	-0.237113	1.005190	1.920493	2.443372	0.000000	0.000000	0.000000	0.000000	0.000000	0.000000	0.000000	0.000000	0.000000	0.000000	0.000000	0.000000	0.000000	1791490879.413595	0.000000
213.000000	-2.273793	-5.065544	-6.099926	-7.565814	-8.950578	-8.451311	-4.219569	-1.841582	-3.053106	-5.215117	-6.885756	-6.978395	-5.806063	-3.758946	-2.828541	-2.987261	0.000000	0.000000	0.000000	0.000000	0.000000	0.000000	0.000000	0.000000	0.000000	0.000000	0.000000	0.000000	0.000000	1791490879.413604	0.000000
214.000000	-7.312553	-10.126148	-10.682973	-11.081949	-11.707302	-10.646738	-6.572540	-5.060174	-6.748378	-8.260381	-8.759205	-9.391112	-8.216878	-6.511860	-5.991026	-6.775180	0.000000	0.000000	0.000000	0.000000	0.000000	0.000000	0.000000	0.000000	0.000000	0.000000	0.000000	0.000000	0.000000	1791490879.413614	0.000000
215.000000	-8.216058	-9.392381	-9.253240	-8.423225	-7.911313	-6.931487	-5.293471	-5.607051	-6.679364	-6.779240	-5.908045	-6.626917	-6.254431	-5.740268	-5.755821	-6.806263	0.000000	0.000000	0.000000	0.000000	0.000000	0.000000	0.000000	0.000000	0.000000	0.000000	0.000000	0.000000	0.000000	1791490879.413623	0.000000
216.000000	-4.266730	-3.124248	-2.435615	-0.893511	0.379425	0.643993	-0.986437	-3.040853	-2.839472	-1.553240	0.088469	-0.216484	-0.996701	-1.817149	-2.208410	-3.013227	0.000000	0.000000	0.000000	0.000000	0.000000	0.000000	0.000000	0.000000	0.000000	0.000000	0.000000	0.000000	0.000000	1791490879.413632	0.000000
217.000000	2.395336	5.162215	6.013281	7.384402	8.567295	7.904328	4.026151	1.398846	2.683601	4.607342	6.029202	6.334539	4.794886	3.173790	2.701823	2.565046	0.000000	0.000000	0.000000	0.000000	0.000000	0.000000	0.000000	0.000000	0.000000	0.000000	0.000000	0.000000	0.000000	1791490879.413642	0.000000
218.000000	7.927876	10.665861	11.265835	11.713341	12.063080	10.846649	6.945177	5.350075	6.827321	8.350989	8.773030	9.450429	8.105408	6.528683	6.213180	6.853088	0.000000	0.000000	0.000000	0.000000	0.000000	0.000000	0.000000	0.000000	0.000000	0.000000	0.000000	0.000000	0.000000	1791490879.413652	0.000000
219.000000	8.997708	10.080219	10.177304	9.487659	8.848666	7.828351	6.045954	6.538218	7.222218	7.571009	6.851467	7.408889	7.188589	6.369600	6.268606	7.395294	0.000000	0.000000	0.000000	0.000000	0.000000	0.000000	0.000000	0.000000	0.000000	0.000000	0.000000	0.000000	0.000000	1791490879.413661	0.000000
220.000000	4.777204	3.573802	3.164922	1.765780	0.629123	0.462984	1.688641	4.054299	3.522812	2.566135	1.221123	1.269413	2.448612	2.686600	2.691838	3.736758	0.000000	0.000000	0.000000	0.000000	0.000000	0.000000	0.000000	0.000000	0.000000	0.000000	0.000000	0.000000	0.000000	1791490879.413671	0.000000
221.000000	-2.461364	-5.209818	-5.907174	-7.202493	-8.073983	-7.247910	-3.798294	-0.991779	-2.326458	-4.042811	-5.200734	-5.673012	-3.730393	-2.596122	-2.626602	-2.227118	0.000000	0.000000	0.000000	0.000000	0.000000	0.000000	0.000000	0.000000	0.000000	0.000000	0.000000	0.000000	0.000000	1791490879.413680	0.000000
222.000000	-8.557976	-11.186536	-11.844969	-12.305324	-12.401908	-11.074045	-7.347552	-5.891549	-7.079741	-8.642303	-8.997898	-9.626399	-8.136489	-6.604175	-6.688210	-7.186092	0.000000	0.000000	0.000000	0.000000	0.000000	0.000000	0.000000	0.000000	0.000000	0.000000	0.000000	0.000000	0.000000	1791490879.413690	0.000000
223.000000	-9.844466	-10.770722	-11.093709	-10.484990	-9.856833	-8.852874	-6.857895	-7.741061	-7.957717	-8.561368	-8.021117	-8.338468	-8.343500	-7.059019	-7.038231	-8.212973	0.000000	0.000000	0.000000	0.000000	0.000000	0.000000	0.000000	0.000000	0.000000	0.000000	0.000000	0.000000	0.000000	1791490879.413700	0.000000
224.000000	-5.342432	-4.027575	-3.869780	-2.578842	-1.734752	-1.697923	-2.435931	-5.144960	-4.261740	-3.612484	-2.590247	-2.368769	-4.023095	-3.569434	-3.235342	-4.482512	0.000000	0.000000	0.000000	0.000000	0.000000	0.000000	0.000000	0.000000	0.000000	0.000000	0.000000	0.000000	0.000000	1791490879.413709	0.000000
225.000000	2.527871	5.251256	5.822445	7.026138	7.519205	6.543796	3.557363	0.763024	2.092393	3.639353	4.524977	5.109741	2.732884	2.058916	2.729108	2.089232	0.000000	0.000000	0.000000	0.000000	0.000000	0.000000	0.000000	0.000000	0.000000	0.000000	0.000000	0.000000	0.000000	1791490879.413719	0.000000
226.000000	9.226716	11.669992	12.395172	12.818371	12.726189	11.335383	7.752495	6.717191	7.521454	9.149401	9.451129	9.952886	8.354189	6.731977	7.422439	7.772846	0.000000	0.000000	0.000000	0.000000	0.000000	0.000000	0.000000	0.000000	0.000000	0.000000	0.000000	0.000000	0.000000	1791490879.413728	0.000000
227.000000	10.706647	11.373842	11.906646	11.337318	10.865404	9.931698	7.665179	9.092292	8.776501	9.627505	9.289286	9.321477	9.636386	7.758745	7.926436	9.122844	0.000000	0.000000	0.000000	0.000000	0.000000	0.000000	0.000000	0.000000	0.000000	0.000000	0.000000	0.000000	0.000000	1791490879.413738	0.000000
228.000000	5.861862	4.380514	4.444820	3.261423	2.832901	2.952954	3.172314	6.116364	4.896628	4.516839	3.833926	3.357865	5.567252	4.406127	3.658894	5.079508	0.000000	0.000000	0.000000	0.000000	0.000000	0.000000	0.000000	0.000000	0.000000	0.000000	0.000000	0.000000	0.000000	1791490879.413748	0.000000
229.000000	-2.669096	-5.323844	-5.790987	-6.866276	-6.962459	-5.853722	-3.311319	-0.830293	-2.066972	-3.484001	-4.097226	-4.736990	-1.906077	-1.585811	-3.082762	-2.217551	0.000000	0.000000	0.000000	0.000000	0.000000	0.000000	0.000000	0.000000	0.000000	0.000000	0.000000	0.000000	0.000000	1791490879.413757	0.000000
230.000000	-9.918193	-12.053711	-12.848104	-13.193753	-13.004637	-11.602175	-8.120702	-7.771174	-8.096167	-9.800715	-10.062781	-10.384852	-8.735127	-6.884841	-8.319629	-8.520075	0.000000	0.000000	0.000000	0.000000	0.000000	0.000000	0.000000	0.000000	0.000000	0.000000	0.000000	0.000000	0.000000	1791490879.413766	0.000000
231.000000	-11.481426	-11.771984	-12.499743	-11.960201	-11.776505	-10.968245	-8.412437	-10.400150	-9.522485	-10.597587	-10.477752	-10.216768	-10.937627	-8.414332	-8.741336	-9.946346	0.000000	0.000000	0.000000	0.000000	0.000000	0.000000	0.000000	0.000000	0.000000	0.000000	0.000000	0.000000	0.000000	1791490879.413775	0.000000
232.000000	-6.212983	-4.539482	-4.805023	-3.756950	-3.821882	-4.121713	-3.852125	-6.779666	-5.285515	-5.136537	-4.797478	-4.108502	-6.935994	-5.148556	-3.821774	-5.399870	0.000000	0.000000	0.000000	0.000000	0.000000	0.000000	0.000000	0.000000	0.000000	0.000000	0.000000	0.000000	0.000000	1791490879.413784	0.000000
233.000000	2.939000	5.437250	5.817734	6.725155	6.453698	5.238341	3.085952	1.239024	2.275821	3.590566	3.945102	4.582537	1.317472	1.197850	3.670139	2.596435	0.000000	0.000000	0.000000	0.000000	0.000000	0.000000	0.000000	0.000000	0.000000	0.000000	0.000000	0.000000	0.000000	1791490879.413794	0.000000
234.000000	10.567333	12.256330	13.129340	13.382571	13.209883	11.856845	8.448394	8.915039	8.693389	10.475859	10.722842	10.839350	9.229485	7.049865	9.215210	9.282508	0.000000	0.000000	0.000000	0.000000	0.000000	0.000000	0.000000	0.000000	0.000000	0.000000	0.000000	0.000000	0.000000	1791490879.413803	0.000000
235.000000	12.020430	11.843551	12.764256	12.280647	12.500349	11.871995	9.057435	11.440810	10.029780	11.305572	11.420164	10.895285	12.115624	8.983935	9.294293	10.516855	0.000000	0.000000	0.000000	0.000000	0.000000	0.000000	0.000000	0.000000	0.000000	0.000000	0.000000	0.000000	0.000000	1791490879.413812	0.000000
236.000000	6.274235	4.426412	4.876240	4.011579	4.601882	5.088899	4.406309	6.995122	5.331848	5.379097	5.372128	4.535202	8.001818	5.742974	3.653458	5.377472	0.000000	0.000000	0.000000	0.000000	0.000000	0.000000	0.000000	0.000000	0.000000	0.000000	0.000000	0.000000	0.000000	1791490879.413822	0.000000
237.000000	-3.335420	-5.569573	-5.892992	-6.604147	-6.044101	-4.771050	-2.940081	-1.940429	-2.676207	-3.916521	-4.053805	-4.637355	-1.013430	-0.935538	-4.395790	-3.149033	0.000000	0.000000	0.000000	0.000000	0.000000	0.000000	0.000000	0.000000	0.000000	0.000000	0.000000	0.000000	0.000000	1791490879.413831	0.000000
238.000000	-11.051798	-12.176175	-13.155650	-13.337408	-13.318075	-12.087142	-8.744365	-9.956437	-9.171433	-11.036782	-11.315254	-11.228764	-9.780846	-7.228575	-9.928901	-9.905130	0.000000	0.000000	0.000000	0.000000	0.000000	0.000000	0.000000	0.000000	0.000000	0.000000	0.000000	0.000000	0.000000	1791490879.413841	0.000000
239.000000	-12.181823	-11.489136	-12.606674	-12.238171	-12.956206	-12.551431	-9.546980	-12.029388	-10.170154	-11.620710	-11.982363	-11.250950	-13.050103	-9.418837	-9.457578	-10.715805	0.000000	0.000000	0.000000	0.000000	0.000000	0.000000	0.000000	0.000000	0.000000	0.000000	0.000000	0.000000	0.000000	1791490879.413850	0.000000
240.000000	-5.993685	-4.019641	-4.621095	-3.990459	-5.085142	-5.740774	-4.751984	-6.718760	-5.014410	-5.209005	-5.489904	-4.579144	-8.656717	-6.115661	-3.164058	-5.008243	0.000000	0.000000	0.000000	0.000000	0.000000	0.000000	0.000000	0.000000	0.000000	0.000000	0.000000	0.000000	0.000000	1791490879.413859	0.000000
241.000000	3.790343	5.655649	5.976943	6.493763	5.771646	4.509224	2.924032	2.818219	3.173942	4.385335	4.386720	4.872467	1.015833	0.838465	5.133747	3.772148	0.000000	0.000000	0.000000	0.000000	0.000000	0.000000	0.000000	0.000000	0.000000	0.000000	0.000000	0.000000	0.000000	1791490879.413869	0.000000
242.000000	11.249624	11.722748	12.847828	13.015154	13.290743	12.250707	8.983160	10.717120	9.398478	11.355769	11.727267	11.449893	10.305765	7.384743	10.321358	10.258294	0.000000	0.000000	0.000000	0.000000	0.000000	0.000000	0.000000	0.000000	0.000000	0.000000	0.000000	0.000000	0.000000	1791490879.413878	0.000000
243.000000	11.892440	10.674753	11.977856	11.793277	13.062559	12.901950	9.802707	12.062418	9.880604	11.461872	12.058822	11.182665	13.617341	9.636570	9.182892	10.484034	0.000000	0.000000	0.000000	0.000000	0.000000	0.000000	0.000000	0.000000	0.000000	0.000000	0.000000	0.000000	0.000000	1791490879.413888	0.000000
244.000000	5.403646	3.377334	4.068083	3.696584	5.220924	6.005567	4.834402	5.996909	4.393991	4.656638	5.136213	4.230644	8.843382	6.220079	2.427261	4.347176	0.000000	0.000000	0.000000	0.000000	0.000000	0.000000	0.000000	0.000000	0.000000	0.000000	0.000000	0.000000	0.000000	1791490879.413898	0.000000
245.000000	-4.196656	-5.589535	-5.982226	-6.345473	-5.608892	-4.425314	-3.011110	-3.715731	-3.629957	-4.878183	-4.853388	-5.187064	-1.261814	-0.865668	-5.752165	-4.341596	0.000000	0.000000	0.000000	0.000000	0.000000	0.000000	0.000000	0.000000	0.000000	0.000000	0.000000	0.000000	0.000000	1791490879.413914	0.000000
246.000000	-11.068549	-10.836384	-12.137314	-12.365176	-13.048456	-12.246733	-9.075704	-11.053932	-9.274109	-11.324663	-11.839023	-11.371043	-10.673704	-7.423654	-10.309960	-10.249725	0.000000	0.000000	0.000000	0.000000	0.000000	0.000000	0.000000	0.000000	0.000000	0.000000	0.000000	0.000000	0.000000	1791490879.413924	0.000000
247.000000	-11.151344	-9.451259	-10.899312	-10.946674	-12.763874	-12.843670	-9.753274	-11.523490	-9.189569	-10.824796	-11.604762	-10.640144	-13.732325	-9.576120	-8.500105	-9.835704	0.000000	0.000000	0.000000	0.000000	0.000000	0.000000	0.000000	0.000000	0.000000	0.000000	0.000000	0.000000	0.000000	1791490879.413935	0.000000
248.000000	-4.597133	-2.630847	-3.324163	-3.193861	-5.033189	-5.900709	-4.670565	-4.951332	-3.606330	-3.826628	-4.383121	-3.568191	-8.597337	-6.090467	-1.553473	-3.499607	0.000000	0.000000	0.000000	0.000000	0.000000	0.000000	0.000000	0.000000	0.000000	0.000000	0.000000	0.000000	0.000000	1791490879.413944	0.000000
249.000000	4.440842	5.266877	5.801329	6.078274	5.466986	4.413145	3.097591	4.472533	3.918540	5.268323	5.322381	5.431197	1.620217	0.906699	6.154524	4.749594	0.000000	0.000000	0.000000	0.000000	0.000000	0.000000	0.000000	0.000000	0.000000	0.000000	0.000000	0.000000	0.000000	1791490879.413954	0.000000
250.000000	10.463164	9.529878	11.008031	11.356360	12.509421	11.966282	8.910231	10.891497	8.785678	10.894337	11.564747	10.885168	10.759675	7.246238	9.882809	9.850468	0.000000	0.000000	0.000000	0.000000	0.000000	0.000000	0.000000	0.000000	0.000000	0.000000	0.000000	0.000000	0.000000	1791490879.413964	0.000000
251.000000	10.010871	7.935860	9.460578	9.745373	12.051261	12.353359	9.370693	10.467661	8.192249	9.766943	10.643741	9.638604	13.370981	9.233227	7.473965	8.828726	0.000000	0.000000	0.000000	0.000000	0.000000	0.000000	0.000000	0.000000	0.000000	0.000000	0.000000	0.000000	0.000000	1791490879.413973	0.000000
252.000000	3.673490	1.897359	2.506868	2.569792	4.589001	5.502581	4.337029	3.710554	2.758564	2.828397	3.340987	2.712507	8.008322	5.820696	0.621731	2.553533	0.000000	0.000000	0.000000	0.000000	0.000000	0.000000	0.000000	0.000000	0.000000	0.000000	0.000000	0.000000	0.000000	1791490879.413983	0.000000
253.000000	-4.460746	-4.670666	-5.388376	-5.636116	-5.261641	-4.366686	-3.074562	-4.986223	-4.008208	-5.477759	-5.678384	-5.474266	-1.961993	-0.852287	-6.302477	-4.942054	0.000000	0.000000	0.000000	0.000000	0.000000	0.000000	0.000000	0.000000	0.000000	0.000000	0.000000	0.000000	0.000000	1791490879.413993	0.000000
254.000000	-9.458149	-7.898174	-9.522737	-10.010682	-11.640804	-11.363487	-8.442818	-10.223335	-7.987216	-10.069370	-10.865066	-9.950358	-10.494860	-6.821785	-9.060273	-9.070316	0.000000	0.000000	0.000000	0.000000	0.000000	0.000000	0.000000	0.000000	0.000000	0.000000	0.000000	0.000000	0.000000	1791490879.414002	0.000000
255.000000	-8.562576	-6.256938	-7.780821	-8.273914	-10.967917	-11.478771	-8.707982	-8.987324	-6.973402	-8.368043	-9.241989	-8.252947	-12.572746	-8.676419	-6.170897	-7.527037	0.000000	0.000000	0.000000	0.000000	0.000000	0.000000	0.000000	0.000000	0.000000	0.000000	0.000000	0.000000	0.000000	1791490879.414012	0.000000
0.000000	-2.717306	-1.235538	-1.694638	-1.904542	-3.969830	-4.904860	-3.924038	-2.399623	-1.899991	-1.758057	-2.137400	-1.792569	-7.185737	-5.509814	0.294695	-1.584215	0.000000	0.000000	0.000000	0.000000	0.000000	0.000000	0.000000	0.000000	0.000000	0.000000	0.000000	0.000000	0.000000	1791490879.414022	0.000000
1.000000	4.253241	3.863093	4.771892	5.011931	4.944886	4.232105	2.906956	5.198851	3.920457	5.467997	5.828062	5.239184	2.200351	0.666455	6.172685	4.889809	0.000000	0.000000	0.000000	0.000000	0.000000	0.000000	0.000000	0.000000	0.000000	0.000000	0.000000	0.000000	0.000000	1791490879.414031	0.000000
2.000000	8.149371	6.085842	7.800781	8.408711	10.475205	10.473941	7.730575	9.117754	6.956666	8.903042	9.757227	8.606117	9.885455	6.210302	7.901184	7.956385	0.000000	0.000000	0.000000	0.000000	0.000000	0.000000	0.000000	0.000000	0.000000	0.000000	0.000000	0.000000	0.000000	1791490879.414041	0.000000
3.000000	6.943141	4.541927	5.985772	6.646018	9.608089	10.318871	7.863964	7.236941	5.613510	6.736630	7.519163	6.611226	11.429878	8.007840	4.698886	6.024605	0.000000	0.000000	0.000000	0.000000	0.000000	0.000000	0.000000	0.000000	0.000000	0.000000	0.000000	0.000000	0.000000	1791490879.414050	0.000000
4.000000	1.811990	0.671642	0.935690	1.265936	3.264416	4.198482	3.491067	1.144528	1.060348	0.702254	0.908284	0.931022	6.238463	5.217116	-1.116830	0.664478	0.000000	0.000000	0.000000	0.000000	0.000000	0.000000	0.000000	0.000000	0.000000	0.000000	0.000000	0.000000	0.000000	1791490879.414060	0.000000
5.000000	-3.849411	-2.927782	-4.004049	-4.226041	-4.492624	-3.982471	-2.607698	-5.108740	-3.689996	-5.230155	-5.713583	-4.695419	-2.283259	-0.374623	-5.772702	-4.591456	0.000000	0.000000	0.000000	0.000000	0.000000	0.000000	0.000000	0.000000	0.000000	0.000000	0.000000	0.000000	0.000000	1791490879.414070	0.000000
6.000000	-6.666835	-4.226031	-5.954343	-6.642376	-9.067426	-9.346458	-6.833053	-7.700677	-5.766056	-7.466160	-8.299790	-6.938344	-8.970109	-5.498117	-6.494551	-6.577997	0.000000	0.000000	0.000000	0.000000	0.000000	0.000000	0.000000	0.000000	0.000000	0.000000	0.000000	0.000000	0.000000	1791490879.414081	0.000000
7.000000	-5.300271	-2.897226	-4.184496	-4.972391	-8.076825	-8.974161	-6.907873	-5.384408	-4.182400	-4.982608	-5.615459	-4.866376	-10.053286	-7.314450	-3.171356	-4.419430	0.000000	0.000000	0.000000	0.000000	0.000000	0.000000	0.000000	0.000000	0.000000	0.000000	0.000000	0.000000	0.000000	1791490879.414090	0.000000
8.000000	-1.030300	-0.237239	-0.285562	-0.726099	-2.573331	-3.487516	-3.095075	-0.043700	-0.276666	0.248687	0.210379	-0.250627	-5.284708	-4.974620	1.777619	0.135650	0.000000	0.000000	0.000000	0.000000	0.000000	0.000000	0.000000	0.000000	0.000000	0.000000	0.000000	0.000000	0.000000	1791490879.414100	0.000000
9.000000	3.295391	1.916474	3.108135	3.285121	3.868904	3.569486	2.152845	4.750811	3.330912	4.749304	5.294767	3.838548	2.166550	0.018883	5.126652	4.051249	0.000000	0.000000	0.000000	0.000000	0.000000	0.000000	0.000000	0.000000	0.000000	0.000000	0.000000	0.000000	0.000000	1791490879.414110	0.000000
10.000000	5.141759	2.425595	4.078273	4.800293	7.477062	8.024313	5.778877	6.114394	4.480863	5.841921	6.586643	5.073771	7.818454	4.770811	4.945126	5.022274	0.000000	0.000000	0.000000	0.000000	0.000000	0.000000	0.000000	0.000000	0.000000	0.000000	0.000000	0.000000	0.000000	1791490879.414120	0.000000
11.000000	3.759964	1.425793	2.494042	3.374215	6.496504	7.554262	5.910513	3.579478	2.765293	3.244201	3.702442	3.190256	8.581079	6.662959	1.705679	2.831736	0.000000	0.000000	0.000000	0.000000	0.000000	0.000000	0.000000	0.000000	0.000000	0.000000	0.000000	0.000000	0.000000	1791490879.414130	0.000000
12.000000	0.407971	-0.033391	-0.192722	0.355861	1.995527	2.871323	2.801008	-0.848876	-0.403403	-0.999728	-1.094605	-0.159253	4.426610	4.781787	-2.231622	-0.750554	0.000000	0.000000	0.000000	0.000000	0.000000	0.000000	0.000000	0.000000	0.000000	0.000000	0.000000	0.000000	0.000000	1791490879.414140	0.000000
13.000000	-2.664028	-0.887240	-2.122772	-2.222479	-3.070392	-2.970677	-1.530367	-4.197340	-2.872822	-4.051543	-4.592445	-2.727893	-1.860789	0.338377	-4.296537	-3.314844	0.000000	0.000000	0.000000	0.000000	0.000000	0.000000	0.000000	0.000000	0.000000	0.000000	0.000000	0.000000	0.000000	1791490879.414150	0.000000
14.000000	-3.693962	-0.789615	-2.281844	-2.991296	-5.789950	-6.565436	-4.612214	-4.495011	-3.187039	-4.158602	-4.765163	-3.168426	-6.536581	-4.097366	-3.374750	-3.414114	0.000000	0.000000	0.000000	0.000000	0.000000	0.000000	0.000000	0.000000	0.000000	0.000000	0.000000	0.000000	0.000000	1791490879.414160	0.000000
15.000000	-2.396764	-0.196878	-1.004709	-1.945590	-4.966084	-6.144422	-4.932089	-1.919161	-1.435173	-1.647010	-1.934305	-1.711416	-7.124562	-6.072472	-0.390614	-1.367681	0.000000	0.000000	0.000000	0.000000	0.000000	0.000000	0.000000	0.000000	0.000000	0.000000	0.000000	0.000000	0.000000	1791490879.414170	0.000000
16.000000	0.075605	0.156433	0.494739	-0.164048	-1.569792	-2.401956	-2.638426	1.538003	0.973704	1.522858	1.698314	0.289385	-3.699138	-4.599009	2.482697	1.169270	0.000000	0.000000	0.000000	0.000000	0.000000	0.000000	0.000000	0.000000	0.000000	0.000000	0.000000	0.000000	0.000000	1791490879.414180	0.000000
17.000000	2.043398	-0.083441	1.115752	1.106710	2.131621	2.194828	0.760362	3.535389	2.367497	3.211188	3.686006	1.465891	1.418964	-0.641083	3.361711	2.460102	0.000000	0.000000	0.000000	0.000000	0.000000	0.000000	0.000000	0.000000	0.000000	0.000000	0.000000	0.000000	0.000000	1791490879.414190	0.000000
18.000000	2.403569	-0.616605	0.634913	1.293295	4.072459	5.025616	3.385393	2.936557	1.940988	2.519100	2.962092	1.348372	5.212125	3.498414	1.871851	1.851293	0.000000	0.000000	0.000000	0.000000	0.000000	0.000000	0.000000	0.000000	0.000000	0.000000	0.000000	0.000000	0.000000	1791490879.414200	0.000000
19.000000	1.222575	-0.787094	-0.266988	0.711724	3.532321	4.805803	4.017536	0.436815	0.210806	0.244858	0.388710	0.486184	5.739104	5.513464	-0.734144	0.077963	0.000000	0.000000	0.000000	0.000000	0.000000	0.000000	0.000000	0.000000	0.000000	0.000000	0.000000	0.000000	0.000000	1791490879.414211	0.000000
20.000000	-0.479389	-0.185907	-0.656000	0.115485	1.298568	2.102327	2.610194	-2.065203	-1.454142	-1.837768	-2.034080	-0.184619	3.094914	4.380183	-2.555220	-1.410670	0.000000	0.000000	0.000000	0.000000	0.000000	0.000000	0.000000	0.000000	0.000000	0.000000	0.000000	0.000000	0.000000	1791490879.414222	0.000000
21.000000	-1.511631	0.933664	-0.133646	0.006728	-1.086340	-1.274212	0.113590	-2.839988	-1.846826	-2.291436	-2.649389	-0.154464	-0.892451	0.873018	-2.384951	-1.551495	0.000000	0.000000	0.000000	0.000000	0.000000	0.000000	0.000000	0.000000	0.000000	0.000000	0.000000	0.000000	0.000000	1791490879.414232	0.000000
22.000000	-1.302867	1.771177	0.842458	0.262188	-2.370169	-3.469908	-2.157957	-1.485581	-0.760117	-0.979672	-1.252152	0.305093	-3.898375	-2.947557	-0.491023	-0.394482	0.000000	0.000000	0.000000	0.000000	0.000000	0.000000	0.000000	0.000000	0.000000	0.000000	0.000000	0.000000	0.000000	1791490879.414242	0.000000
23.000000	-0.197937	1.559662	1.336453	0.334368	-2.228675	-3.590717	-3.199793	0.883284	0.915130	0.949341	0.904852	0.477285	-4.448686	-4.946229	1.660581	1.024012	0.000000	0.000000	0.000000	0.000000	0.000000	0.000000	0.000000	0.000000	0.000000	0.000000	0.000000	0.000000	0.000000	1791490879.414253	0.000000
24.000000	0.877282	0.186787	0.711045	-0.177939	-1.185172	-1.976410	-2.700560	2.487541	1.868331	1.979249	2.128896	-0.093119	-2.602430	-4.109917	2.490312	1.515533	0.000000	0.000000	0.000000	0.000000	0.000000	0.000000	0.000000	0.000000	0.000000	0.000000	0.000000	0.000000	0.000000	1791490879.414265	0.000000
25.000000	1.109017	-1.614142	-0.794691	-1.081562	-0.031461	0.255292	-1.040329	2.155575	1.330321	1.347829	1.545911	-1.121145	0.315400	-1.054476	1.419620	0.648005	0.000000	0.000000	0.000000	0.000000	0.000000	0.000000	0.000000	0.000000	0.000000	0.000000	0.000000	0.000000	0.000000	1791490879.414274	0.000000
26.000000	0.364558	-2.677085	-2.143547	-1.652070	0.740346	1.965339	0.981272	0.138075	-0.357093	-0.423369	-0.304674	-1.738163	2.632035	2.409394	-0.747754	-0.928146	0.000000	0.000000	0.000000	0.000000	0.000000	0.000000	0.000000	0.000000	0.000000	0.000000	0.000000	0.000000	0.000000	1791490879.414286	0.000000
27.000000	-0.739122	-2.170897	-2.217467	-1.192820	1.100628	2.545454	2.499190	-2.080674	-1.962762	-1.943593	-1.929842	-1.186256	3.274232	4.352191	-2.416332	-1.960998	0.000000	0.000000	0.000000	0.000000	0.000000	0.000000	0.000000	0.000000	0.000000	0.000000	0.000000	0.000000	0.000000	1791490879.414296	0.000000
28.000000	-1.301021	-0.212439	-0.680327	0.327778	1.228583	2.020156	2.887994	-2.836723	-2.234770	-1.992536	-2.025513	0.483735	2.215473	3.800732	-2.335057	-1.534687	0.000000	0.000000	0.000000	0.000000	0.000000	0.000000	0.000000	0.000000	0.000000	0.000000	0.000000	0.000000	0.000000	1791490879.414308	0.000000
29.000000	-0.807455	2.108157	1.650450	2.079467	1.166756	0.805992	1.969322	-1.478301	-0.819456	-0.433015	-0.455786	2.283964	0.278563	1.212803	-0.490816	0.211394	0.000000	0.000000	0.000000	0.000000	0.000000	0.000000	0.000000	0.000000	0.000000	0.000000	0.000000	0.000000	0.000000	1791490879.414318	0.000000
30.000000	0.464736	3.352996	3.248341	2.837897	0.738121	-0.587074	0.097107	1.131554	1.418519	1.657974	1.638582	2.899622	-1.458768	-1.870732	1.856485	2.110093	0.000000	0.000000	0.000000	0.000000	0.000000	0.000000	0.000000	0.000000	0.000000	0.000000	0.000000	0.000000	0.000000	1791490879.414330	0.000000
31.000000	1.608987	2.644223	2.892152	1.845509	-0.196945	-1.710602	-1.925152	3.168348	2.930980	2.740054	2.672878	1.645446	-2.243702	-3.742914	3.030275	2.751672	0.000000	0.000000	0.000000	0.000000	0.000000	0.000000	0.000000	0.000000	0.000000	0.000000	0.000000	0.000000	0.000000	1791490879.414340	0.000000
32.000000	1.720184	0.273887	0.569922	-0.540810	-1.403567	-2.200998	-3.131364	3.101261	2.543939	1.916815	1.784896	-0.923474	-1.916414	-3.470188	2.109091	1.497926	0.000000	0.000000	0.000000	0.000000	0.000000	0.000000	0.000000	0.000000	0.000000	0.000000	0.000000	0.000000	0.000000	1791490879.414351	0.000000
33.000000	0.563640	-2.405607	-2.385593	-2.931604	-2.224491	-1.817951	-2.834064	0.795353	0.319760	-0.386436	-0.511639	-3.243762	-0.826845	-1.344900	-0.394013	-0.991819	0.000000	0.000000	0.000000	0.000000	0.000000	0.000000	0.000000	0.000000	0.000000	0.000000	0.000000	0.000000	0.000000	1791490879.414405	0.000000
34.000000	-1.195894	-3.780383	-4.089261	-3.744848	-1.964313	-0.582061	-1.034180	-2.314239	-2.392100	-2.664423	-2.659763	-3.732578	0.443578	1.356769	-2.829951	-3.122939	0.000000	0.000000	0.000000	0.000000	0.000000	0.000000	0.000000	0.000000	0.000000	0.000000	0.000000	0.000000	0.000000	1791490879.414423	0.000000
35.000000	-2.388802	-2.973215	-3.334019	-2.275467	-0.460282	1.086754	1.459794	-4.127827	-3.789620	-3.336275	-3.137678	-1.882138	1.365663	3.135391	-3.505521	-3.401321	0.000000	0.000000	0.000000	0.000000	0.000000	0.000000	0.000000	0.000000	0.000000	0.000000	0.000000	0.000000	0.000000	1791490879.414434	0.000000
36.000000	-2.114115	-0.403491	-0.435999	0.744738	1.621316	2.424889	3.358348	-3.284675	-2.807990	-1.826577	-1.519088	1.308164	1.638573	3.100010	-1.839316	-1.457105	0.000000	0.000000	0.000000	0.000000	0.000000	0.000000	0.000000	0.000000	0.000000	0.000000	0.000000	0.000000	0.000000	1791490879.414444	0.000000
37.000000	-0.382251	2.450273	2.894367	3.521901	3.067565	2.662321	3.559874	-0.135127	0.117242	1.008681	1.215417	3.897391	1.238946	1.409733	1.195904	1.631982	0.000000	0.000000	0.000000	0.000000	0.000000	0.000000	0.000000	0.000000	0.000000	0.000000	0.000000	0.000000	0.000000	1791490879.414454	0.000000
38.000000	1.812975	3.933816	4.599624	4.306100	2.864254	1.496248	1.810609	3.388390	3.236719	3.398527	3.315006	4.224257	0.378448	-0.891113	3.655918	3.956119	0.000000	0.000000	0.000000	0.000000	0.000000	0.000000	0.000000	0.000000	0.000000	0.000000	0.000000	0.000000	0.000000	1791490879.414464	0.000000
39.000000	3.074503	3.195441	3.574191	2.519514	0.919161	-0.612154	-1.054615	4.965611	4.545085	3.781894	3.402226	1.988932	-0.590289	-2.513083	3.873203	3.962118	0.000000	0.000000	0.000000	0.000000	0.000000	0.000000	0.000000	0.000000	0.000000	0.000000	0.000000	0.000000	0.000000	1791490879.414487	0.000000
40.000000	2.490421	0.668282	0.378017	-0.835335	-1.757998	-2.578425	-3.495410	3.406228	3.064233	1.816004	1.364204	-1.518244	-1.294333	-2.650135	1.568466	1.472409	0.000000	0.000000	0.000000	0.000000	0.000000	0.000000	0.000000	0.000000	0.000000	0.000000	0.000000	0.000000	0.000000	1791490879.414497	0.000000
41.000000	0.266759	-2.210776	-3.094063	-3.766996	-3.599094	-3.264879	-4.105793	-0.494497	-0.464853	-1.375777	-1.576457	-4.197431	-1.464089	-1.380202	-1.903242	-2.121841	0.000000	0.000000	0.000000	0.000000	0.000000	0.000000	0.000000	0.000000	0.000000	0.000000	0.000000	0.000000	0.000000	1791490879.414507	0.000000
42.000000	-2.321230	-3.845250	-4.773639	-4.517183	-3.434443	-2.167043	-2.441318	-4.356645	-3.952328	-3.873642	-3.632854	-4.431083	-1.027858	0.465742	-4.358024	-4.648780	0.000000	0.000000	0.000000	0.000000	0.000000	0.000000	0.000000	0.000000	0.000000	0.000000	0.000000	0.000000	0.000000	1791490879.414517	0.000000
43.000000	-3.667634	-3.370796	-3.673596	-2.638111	-1.253614	0.216520	0.664480	-5.674637	-5.205641	-4.130801	-3.557690	-2.069824	-0.145111	1.845053	-4.156765	-4.471750	0.000000	0.000000	0.000000	0.000000	0.000000	0.000000	0.000000	0.000000	0.000000	0.000000	0.000000	0.000000	0.000000	1791490879.414527	0.000000
44.000000	-2.833805	-1.093746	-0.461405	0.749057	1.733908	2.599005	3.513451	-3.438993	-3.305509	-1.922789	-1.388468	1.492180	0.839082	2.102065	-1.286659	-1.536850	0.000000	0.000000	0.000000	0.000000	0.000000	0.000000	0.000000	0.000000	0.000000	0.000000	0.000000	0.000000	0.000000	1791490879.414536	0.000000
45.000000	-0.187446	1.728140	2.974710	3.656202	3.798121	3.617115	4.480615	1.124231	0.747389	1.498333	1.601434	4.172836	1.511823	1.271380	2.553496	2.508241	0.000000	0.000000	0.000000	0.000000	0.000000	0.000000	0.000000	0.000000	0.000000	0.000000	0.000000	0.000000	0.000000	1791490879.414545	0.000000
46.000000	2.744428	3.594308	4.666050	4.429276	3.722186	2.633096	2.952669	5.223205	4.557156	4.134234	3.679806	4.442247	1.551517	-0.049636	4.962072	5.242035	0.000000	0.000000	0.000000	0.000000	0.000000	0.000000	0.000000	0.000000	0.000000	0.000000	0.000000	0.000000	0.000000	1791490879.414555	0.000000
47.000000	4.162454	3.550978	3.702300	2.700821	1.532894	0.142929	-0.279269	6.217932	5.757408	4.416902	3.669223	2.195689	0.876855	-1.119866	4.339745	4.922605	0.000000	0.000000	0.000000	0.000000	0.000000	0.000000	0.000000	0.000000	0.000000	0.000000	0.000000	0.000000	0.000000	1791490879.414564	0.000000
48.000000	3.104360	1.653918	0.704638	-0.461180	-1.517798	-2.474441	-3.425370	3.324793	3.485514	2.134538	1.599383	-1.236344	-0.278902	-1.475527	0.946645	1.594249	0.000000	0.000000	0.000000	0.000000	0.000000	0.000000	0.000000	0.000000	0.000000	0.000000	0.000000	0.000000	0.000000	1791490879.414573	0.000000
49.000000	0.092263	-1.097135	-2.596672	-3.242503	-3.697792	-3.739141	-4.697831	-1.793802	-1.013812	-1.433653	-1.350826	-3.901488	-1.422048	-1.111672	-3.185476	-2.853502	0.000000	0.000000	0.000000	0.000000	0.000000	0.000000	0.000000	0.000000	0.000000	0.000000	0.000000	0.000000	0.000000	1791490879.414582	0.000000
50.000000	-3.113655	-3.283016	-4.379573	-4.145873	-3.802824	-2.927849	-3.342752	-5.985027	-5.070190	-4.247175	-3.544964	-4.348712	-1.990133	-0.368564	-5.474817	-5.760661	0.000000	0.000000	0.000000	0.000000	0.000000	0.000000	0.000000	0.000000	0.000000	0.000000	0.000000	0.000000	0.000000	1791490879.414592	0.000000
51.000000	-4.550263	-3.776995	-3.733333	-2.790887	-1.824570	-0.496100	-0.096839	-6.559413	-6.182655	-4.673958	-3.795577	-2.408618	-1.620851	0.343401	-4.407231	-5.293809	0.000000	0.000000	0.000000	0.000000	0.000000	0.000000	0.000000	0.000000	0.000000	0.000000	0.000000	0.000000	0.000000	1791490879.414601	0.000000
52.000000	-3.264518	-2.303759	-1.098673	-0.028966	1.094126	2.188603	3.217215	-3.026260	-3.569324	-2.428607	-1.984880	0.781059	-0.373784	0.775951	-0.533528	-1.602571	0.000000	0.000000	0.000000	0.000000	0.000000	0.000000	0.000000	0.000000	0.000000	0.000000	0.000000	0.000000	0.000000	1791490879.414610	0.000000
53.000000	0.053394	0.414998	2.046872	2.615266	3.348989	3.640364	4.733749	2.515711	1.293396	1.252670	0.906626	3.463706	1.226343	0.899385	3.808168	3.193851	0.000000	0.000000	0.000000	0.000000	0.000000	0.000000	0.000000	0.000000	0.000000	0.000000	0.000000	0.000000	0.000000	1791490879.414620	0.000000
54.000000	3.439017	2.998452	4.025476	3.793403	3.770123	3.094740	3.612796	6.630599	5.507496	4.295841	3.337445	4.234083	2.384267	0.794085	5.908452	6.224991	0.000000	0.000000	0.000000	0.000000	0.000000	0.000000	0.000000	0.000000	0.000000	0.000000	0.000000	0.000000	0.000000	1791490879.414629	0.000000
55.000000	4.827019	4.080551	3.836914	2.992655	2.210441	0.904010	0.505771	6.688703	6.489174	4.950109	4.007371	2.750682	2.410899	0.507497	4.379887	5.590779	0.000000	0.000000	0.000000	0.000000	0.000000	0.000000	0.000000	0.000000	0.000000	0.000000	0.000000	0.000000	0.000000	1791490879.414638	0.000000
56.000000	3.320020	3.012555	1.632448	0.707048	-0.453244	-1.710062	-2.840308	2.555843	3.559401	2.784658	2.525091	-0.151185	1.119534	0.020720	0.068174	1.553428	0.000000	0.000000	0.000000	0.000000	0.000000	0.000000	0.000000	0.000000	0.000000	0.000000	0.000000	0.000000	0.000000	1791490879.414648	0.000000
57.000000	-0.232565	0.249229	-1.411323	-1.882640	-2.834454	-3.358576	-4.585550	-3.261349	-1.593071	-1.035745	-0.375690	-2.942228	-0.973087	-0.640703	-4.414468	-3.548208	0.000000	0.000000	0.000000	0.000000	0.000000	0.000000	0.000000	0.000000	0.000000	0.000000	0.000000	0.000000	0.000000	1791490879.414657	0.000000
58.000000	-3.717552	-2.808239	-3.711400	-3.502111	-3.747561	-3.222116	-3.815228	-7.144038	-5.888114	-4.367501	-3.180544	-4.188494	-2.804927	-1.267104	-6.277385	-6.654749	0.000000	0.000000	0.000000	0.000000	0.000000	0.000000	0.000000	0.000000	0.000000	0.000000	0.000000	0.000000	0.000000	1791490879.414667	0.000000
59.000000	-5.022710	-4.490047	-4.070767	-3.365208	-2.759108	-1.431980	-1.005511	-6.625398	-6.702376	-5.278440	-4.353337	-3.252750	-3.281791	-1.470331	-4.290612	-5.825237	0.000000	0.000000	0.000000	0.000000	0.000000	0.000000	0.000000	0.000000	0.000000	0.000000	0.000000	0.000000	0.000000	1791490879.414676	0.000000
60.000000	-3.319191	-3.753756	-2.273241	-1.517827	-0.358744	1.057473	2.288097	-1.964003	-3.475319	-3.161383	-3.157274	-0.595685	-1.920542	-0.909802	0.411540	-1.450253	0.000000	0.000000	0.000000	0.000000	0.000000	0.000000	0.000000	0.000000	0.000000	0.000000	0.000000	0.000000	0.000000	1791490879.414686	0.000000
61.000000	0.417173	-0.831520	0.789555	1.171021	2.281699	2.983739	4.304027	3.980671	1.910841	0.863278	-0.117864	2.441909	0.745637	0.381771	4.981970	3.918250	0.000000	0.000000	0.000000	0.000000	0.000000	0.000000	0.000000	0.000000	0.000000	0.000000	0.000000	0.000000	0.000000	1791490879.414695	0.000000
62.000000	3.967885	2.771751	3.530131	3.373512	3.842057	3.395080	4.010103	7.512564	6.230246	4.521142	3.163136	4.279914	3.311135	1.834551	6.589777	7.056277	0.000000	0.000000	0.000000	0.000000	0.000000	0.000000	0.000000	0.000000	0.000000	0.000000	0.000000	0.000000	0.000000	1791490879.414705	0.000000
63.000000	5.190081	5.018536	4.451979	3.910341	3.471688	2.088963	1.610687	6.407645	6.849260	5.656696	4.821930	3.888647	4.218027	2.550460	4.174404	6.007550	0.000000	0.000000	0.000000	0.000000	0.000000	0.000000	0.000000	0.000000	0.000000	0.000000	0.000000	0.000000	0.000000	1791490879.414714	0.000000
64.000000	3.307964	4.482654	2.952327	2.366613	1.240344	-0.302664	-1.604211	1.317762	3.336272	3.504556	3.787456	1.361211	2.702345	1.848675	-0.862888	1.305104	0.000000	0.000000	0.000000	0.000000	0.000000	0.000000	0.000000	0.000000	0.000000	0.000000	0.000000	0.000000	0.000000	1791490879.414723	0.000000
65.000000	-0.599355	1.262528	-0.278247	-0.592931	-1.806707	-2.603682	-3.951825	-4.619780	-2.241385	-0.791643	0.481740	-2.047494	-0.608796	-0.176525	-5.479107	-4.290733	0.000000	0.000000	0.000000	0.000000	0.000000	0.000000	0.000000	0.000000	0.000000	0.000000	0.000000	0.000000	0.000000	1791490879.414732	0.000000
66.000000	-4.218710	-2.927561	-3.529838	-3.448834	-4.088649	-3.641780	-4.222426	-7.729742	-6.537809	-4.769347	-3.301756	-4.507213	-3.900015	-2.512543	-6.838205	-7.418190	0.000000	0.000000	0.000000	0.000000	0.000000	0.000000	0.000000	0.000000	0.000000	0.000000	0.000000	0.000000	0.000000	1791490879.414742	0.000000
67.000000	-5.372289	-5.645577	-4.952388	-4.575499	-4.283819	-2.825781	-2.286855	-6.083769	-6.942923	-6.055404	-5.357314	-4.581239	-5.158563	-3.711644	-4.056955	-6.141760	0.000000	0.000000	0.000000	0.000000	0.000000	0.000000	0.000000	0.000000	0.000000	0.000000	0.000000	0.000000	0.000000	1791490879.414751	0.000000
68.000000	-3.321482	-5.145111	-3.604614	-3.166109	-2.096954	-0.481527	0.848080	-0.692763	-3.169631	-3.785287	-4.355721	-2.071076	-3.412199	-2.785803	1.232858	-1.149390	0.000000	0.000000	0.000000	0.000000	0.000000	0.000000	0.000000	0.000000	0.000000	0.000000	0.000000	0.000000	0.000000	1791490879.414761	0.000000
69.000000	0.770926	-1.503135	-0.078374	0.194927	1.450700	2.247210	3.557579	5.128380	2.553882	0.819637	-0.704993	1.766410	0.555046	0.041473	5.858632	4.622752	0.000000	0.000000	0.000000	0.000000	0.000000	0.000000	0.000000	0.000000	0.000000	0.000000	0.000000	0.000000	0.000000	1791490879.414771	0.000000
70.000000	4.499336	3.276898	3.714089	3.713283	4.454719	3.931215	4.428736	7.812487	6.806606	5.096931	3.571706	4.821264	4.519265	3.271929	7.022155	7.726384	0.000000	0.000000	0.000000	0.000000	0.000000	0.000000	0.000000	0.000000	0.000000	0.000000	0.000000	0.000000	0.000000	1791490879.414780	0.000000
71.000000	5.620058	6.346186	5.553249	5.318593	5.134473	3.591627	2.986505	5.727331	7.019377	6.475534	5.942792	5.281939	6.063615	4.912378	3.988499	6.262523	0.000000	0.000000	0.000000	0.000000	0.000000	0.000000	0.000000	0.000000	0.000000	0.000000	0.000000	0.000000	0.000000	1791490879.414789	0.000000
72.000000	3.389131	5.708742	4.207077	3.882936	2.891657	1.268526	-0.050129	0.156474	3.020544	4.019318	4.865150	2.713103	4.055906	3.701816	-1.468117	1.035578	0.000000	0.000000	0.000000	0.000000	0.000000	0.000000	0.000000	0.000000	0.000000	0.000000	0.000000	0.000000	0.000000	1791490879.414798	0.000000
73.000000	-0.954066	1.526471	0.257229	0.008434	-1.210559	-1.907335	-3.118058	-5.504636	-2.840002	-0.941745	0.789432	-1.582823	-0.548724	0.032622	-6.117171	-4.894079	0.000000	0.000000	0.000000	0.000000	0.000000	0.000000	0.000000	0.000000	0.000000	0.000000	0.000000	0.000000	0.000000	1791490879.414808	0.000000
74.000000	-4.863102	-3.824027	-4.095972	-4.161962	-4.910802	-4.238526	-4.601942	-7.821509	-7.069699	-5.514644	-3.980407	-5.199641	-5.136161	-4.085703	-7.185976	-8.004606	0.000000	0.000000	0.000000	0.000000	0.000000	0.000000	0.000000	0.000000	0.000000	0.000000	0.000000	0.000000	0.000000	1791490879.414817	0.000000
75.000000	-5.961149	-7.085069	-6.238028	-6.112036	-5.986289	-4.358172	-3.676566	-5.397130	-7.109394	-6.922473	-6.576362	-5.968741	-6.920162	-6.119639	-4.003849	-6.402185	0.000000	0.000000	0.000000	0.000000	0.000000	0.000000	0.000000	0.000000	0.000000	0.000000	0.000000	0.000000	0.000000	1791490879.414827	0.000000
76.000000	-3.478459	-6.110087	-4.713399	-4.476739	-3.595072	-2.034329	-0.766436	0.292555	-2.880668	-4.193078	-5.294460	-3.266467	-4.639662	-4.572544	1.586491	-0.970538	0.000000	0.000000	0.000000	0.000000	0.000000	0.000000	0.000000	0.000000	0.000000	0.000000	0.000000	0.000000	0.000000	1791490879.414836	0.000000
77.000000	1.210565	-1.292576	-0.220886	0.003211	1.090231	1.592983	2.634223	5.797581	3.129111	1.170361	-0.718446	1.504007	0.570398	-0.049161	6.296896	5.114717	0.000000	0.000000	0.000000	0.000000	0.000000	0.000000	0.000000	0.000000	0.000000	0.000000	0.000000	0.000000	0.000000	1791490879.414846	0.000000
78.000000	5.326155	4.529902	4.653247	4.763274	5.421556	4.543883	4.716008	7.782549	7.323933	5.999828	4.505544	5.616488	5.724019	4.915638	7.326145	8.243066	0.000000	0.000000	0.000000	0.000000	0.000000	0.000000	0.000000	0.000000	0.000000	0.000000	0.000000	0.000000	0.000000	1791490879.414855	0.000000
79.000000	6.322808	7.745084	6.915273	6.876748	6.770325	5.073917	4.311851	5.047974	7.153946	7.333132	7.194449	6.579494	7.698226	7.275574	4.028042	6.515544	0.000000	0.000000	0.000000	0.000000	0.000000	0.000000	0.000000	0.000000	0.000000	0.000000	0.000000	0.000000	0.000000	1791490879.414865	0.000000
80.000000	3.474713	6.233995	5.022095	4.872257	4.140709	2.717192	1.557291	-0.734734	2.679892	4.245329	5.581894	3.663801	5.135574	5.350000	-1.674054	0.906963	0.000000	0.000000	0.000000	0.000000	0.000000	0.000000	0.000000	0.000000	0.000000	0.000000	0.000000	0.000000	0.000000	1791490879.414874	0.000000
81.000000	-1.586667	0.796088	-0.048073	-0.232516	-1.099053	-1.332118	-2.122479	-6.031767	-3.422727	-1.500498	0.492280	-1.546550	-0.627923	0.000260	-6.398438	-5.274006	0.000000	0.000000	0.000000	0.000000	0.000000	0.000000	0.000000	0.000000	0.000000	0.000000	0.000000	0.000000	0.000000	1791490879.414884	0.000000
82.000000	-5.791977	-5.250381	-5.271045	-5.416533	-5.906163	-4.802803	-4.737753	-7.607713	-7.465076	-6.451342	-5.057595	-5.998501	-6.244163	-5.710147	-7.317744	-8.343441	0.000000	0.000000	0.000000	0.000000	0.000000	0.000000	0.000000	0.000000	0.000000	0.000000	0.000000	0.000000	0.000000	1791490879.414894	0.000000
83.000000	-6.512788	-8.117989	-7.397664	-7.458778	-7.348630	-5.631251	-4.815229	-4.525222	-6.999734	-7.558738	-7.660156	-6.977585	-8.311835	-8.280051	-3.880656	-6.463417	0.000000	0.000000	0.000000	0.000000	0.000000	0.000000	0.000000	0.000000	0.000000	0.000000	0.000000	0.000000	0.000000	1791490879.414903	0.000000
84.000000	-3.239764	-5.968067	-5.013370	-4.973427	-4.428551	-3.216020	-2.245364	1.266483	-2.335089	-4.087738	-5.638522	-3.798991	-5.460726	-5.940454	1.825525	-0.770291	0.000000	0.000000	0.000000	0.000000	0.000000	0.000000	0.000000	0.000000	0.000000	0.000000	0.000000	0.000000	0.000000	1791490879.414913	0.000000
85.000000	2.039547	-0.120992	0.496734	0.632852	1.214374	1.138847	1.603796	6.150135	3.653524	1.878704	-0.146387	1.695673	0.731540	0.129661	6.337624	5.306069	0.000000	0.000000	0.000000	0.000000	0.000000	0.000000	0.000000	0.000000	0.000000	0.000000	0.000000	0.000000	0.000000	1791490879.414923	0.000000
86.000000	6.058250	5.761641	5.753709	5.955427	6.225481	4.924275	4.613094	7.120673	7.316116	6.700388	5.490676	6.208745	6.612847	6.380945	6.951861	8.135261	0.000000	0.000000	0.000000	0.000000	0.000000	0.000000	0.000000	0.000000	0.000000	0.000000	0.000000	0.000000	0.000000	1791490879.414933	0.000000
87.000000	6.332986	8.014525	7.494893	7.692996	7.566710	5.900398	5.096968	3.679310	6.497384	7.439230	7.819656	7.003978	8.640365	8.997982	3.395983	6.100653	0.000000	0.000000	0.000000	0.000000	0.000000	0.000000	0.000000	0.000000	0.000000	0.000000	0.000000	0.000000	0.000000	1791490879.414943	0.000000
88.000000	2.740839	5.303467	4.645408	4.737049	4.402708	3.459540	2.770978	-1.885381	1.840624	3.689230	5.413736	3.612311	5.549358	6.263254	-2.033912	0.551952	0.000000	0.000000	0.000000	0.000000	0.000000	0.000000	0.000000	0.000000	0.000000	0.000000	0.000000	0.000000	0.000000	1791490879.414963	0.000000
89.000000	-2.422811	-0.565838	-0.996720	-1.100891	-1.359152	-0.977549	-1.070867	-6.013994	-3.691548	-2.192069	-0.235199	-1.870042	-0.844675	-0.307985	-5.963871	-5.090472	0.000000	0.000000	0.000000	0.000000	0.000000	0.000000	0.000000	0.000000	0.000000	0.000000	0.000000	0.000000	0.000000	1791490879.414974	0.000000
90.000000	-5.938728	-5.868437	-5.914033	-6.215114	-6.237127	-4.802204	-4.285937	-6.187317	-6.734898	-6.590698	-5.657341	-6.096424	-6.727730	-6.816824	-6.086880	-7.485439	0.000000	0.000000	0.000000	0.000000	0.000000	0.000000	0.000000	0.000000	0.000000	0.000000	0.000000	0.000000	0.000000	1791490879.414984	0.000000
91.000000	-5.718489	-7.372705	-7.109914	-7.476603	-7.326152	-5.790443	-5.102055	-2.507124	-5.616627	-6.902835	-7.576997	-6.561686	-8.599760	-9.332291	-2.565999	-5.396366	0.000000	0.000000	0.000000	0.000000	0.000000	0.000000	0.000000	0.000000	0.000000	0.000000	0.000000	0.000000	0.000000	1791490879.414993	0.000000
92.000000	-2.076445	-4.351980	-3.979050	-4.192119	-4.074494	-3.436075	-3.116877	2.473226	-1.291271	-3.110417	-4.930959	-3.133386	-5.394337	-6.304353	2.189841	-0.333427	0.000000	0.000000	0.000000	0.000000	0.000000	0.000000	0.000000	0.000000	0.000000	0.000000	0.000000	0.000000	0.000000	1791490879.415003	0.000000
93.000000	2.576653	1.083938	1.389138	1.505488	1.432030	0.782485	0.502874	5.509667	3.416833	2.311436	0.537589	1.945523	0.903165	0.468500	5.175259	4.525871	0.000000	0.000000	0.000000	0.000000	0.000000	0.000000	0.000000	0.000000	0.000000	0.000000	0.000000	0.000000	0.000000	1791490879.415013	0.000000
94.000000	5.356755	5.473554	5.626502	6.065287	5.831998	4.351059	3.723613	4.809671	5.688706	6.037189	5.447344	5.546990	6.507121	6.930558	4.732093	6.372598	0.000000	0.000000	0.000000	0.000000	0.000000	0.000000	0.000000	0.000000	0.000000	0.000000	0.000000	0.000000	0.000000	1791490879.415022	0.000000
95.000000	4.736397	6.252828	6.248574	6.780458	6.592551	5.262092	4.813894	1.123611	4.439618	5.976581	6.913942	5.637117	8.150598	9.241269	1.503140	4.427830	0.000000	0.000000	0.000000	0.000000	0.000000	0.000000	0.000000	0.000000	0.000000	0.000000	0.000000	0.000000	0.000000	1791490879.415032	0.000000
96.000000	1.393164	3.278686	3.142810	3.431031	3.505040	3.175846	3.289549	-2.901639	0.813357	2.464325	4.274039	2.457886	5.023179	6.092943	-2.177330	0.220111	0.000000	0.000000	0.000000	0.000000	0.000000	0.000000	0.000000	0.000000	0.000000	0.000000	0.000000	0.000000	0.000000	1791490879.415041	0.000000
97.000000	-2.400861	-1.295379	-1.530046	-1.713247	-1.335748	-0.491801	0.110033	-4.601548	-2.766362	-2.135685	-0.651399	-1.799252	-0.843183	-0.546168	-3.955837	-3.576421	0.000000	0.000000	0.000000	0.000000	0.000000	0.000000	0.000000	0.000000	0.000000	0.000000	0.000000	0.000000	0.000000	1791490879.415051	0.000000
98.000000	-4.343199	-4.577166	-4.853220	-5.449031	-4.967660	-3.540790	-2.937382	-3.080761	-4.239874	-5.043044	-4.825406	-4.518325	-5.912699	-6.685228	-3.001510	-4.876504	0.000000	0.000000	0.000000	0.000000	0.000000	0.000000	0.000000	0.000000	0.000000	0.000000	0.000000	0.000000	0.000000	1791490879.415061	0.000000
99.000000	-3.528655	-4.798722	-5.014399	-5.675198	-5.418208	-4.344556	-4.262001	0.307153	-3.118812	-4.774796	-5.902375	-4.310164	-7.314664	-8.746961	-0.381654	-3.341310	0.000000	0.000000	0.000000	0.000000	0.000000	0.000000	0.000000	0.000000	0.000000	0.000000	0.000000	0.000000	0.000000	1791490879.415071	0.000000
100.000000	-0.834832	-2.262345	-2.297031	-2.588807	-2.791217	-2.733190	-3.303475	3.052719	-0.533224	-1.882401	-3.554754	-1.719793	-4.489585	-5.678248	1.891576	-0.307834	0.000000	0.000000	0.000000	0.000000	0.000000	0.000000	0.000000	0.000000	0.000000	0.000000	0.000000	0.000000	0.000000	1791490879.415081	0.000000
101.000000	1.865796	1.128656	1.338854	1.646117	1.023250	0.085914	-0.738596	3.315588	1.750265	1.635473	0.532303	1.365424	0.641080	0.522327	2.365659	2.289701	0.000000	0.000000	0.000000	0.000000	0.000000	0.000000	0.000000	0.000000	0.000000	0.000000	0.000000	0.000000	0.000000	1791490879.415090	0.000000
102.000000	3.014413	3.277620	3.666552	4.417524	3.698571	2.414519	1.989984	1.168140	2.543223	3.718486	3.861876	3.078971	4.983053	6.116066	1.095343	3.170633	0.000000	0.000000	0.000000	0.000000	0.000000	0.000000	0.000000	0.000000	0.000000	0.000000	0.000000	0.000000	0.000000	1791490879.415100	0.000000
103.000000	2.277034	3.210175	3.581282	4.305130	3.923503	3.116953	3.499651	-1.588525	1.843712	3.465982	4.671809	2.732420	6.165306	7.909630	-0.596189	2.311969	0.000000	0.000000	0.000000	0.000000	0.000000	0.000000	0.000000	0.000000	0.000000	0.000000	0.000000	0.000000	0.000000	1791490879.415110	0.000000
104.000000	0.516781	1.458144	1.584671	1.793064	2.030045	2.167710	3.165384	-2.840948	0.533487	1.460728	2.857042	1.032326	3.843579	5.097301	-1.272831	0.642232	0.000000	0.000000	0.000000	0.000000	0.000000	0.000000	0.000000	0.000000	0.000000	0.000000	0.000000	0.000000	0.000000	1791490879.415120	0.000000
105.000000	-1.007348	-0.588360	-0.813813	-1.290295	-0.493563	0.431453	1.338408	-1.740442	-0.455541	-0.861389	-0.206448	-0.657571	-0.310700	-0.413599	-0.527931	-0.784239	0.000000	0.000000	0.000000	0.000000	0.000000	0.000000	0.000000	0.000000	0.000000	0.000000	0.000000	0.000000	0.000000	1791490879.415130	0.000000
106.000000	-1.537113	-1.743301	-2.215072	-3.088103	-2.129062	-1.047425	-0.953965	0.720486	-0.797620	-2.228282	-2.675150	-1.362267	-3.794455	-5.290920	0.764587	-1.456694	0.000000	0.000000	0.000000	0.000000	0.000000	0.000000	0.000000	0.000000	0.000000	0.000000	0.000000	0.000000	0.000000	1791490879.415139	0.000000
107.000000	-1.167353	-1.705176	-2.148100	-2.844071	-2.259204	-1.691020	-2.591795	2.529776	-0.790222	-2.217895	-3.354840	-1.067822	-4.799303	-6.810968	1.253851	-1.491428	0.000000	0.000000	0.000000	0.000000	0.000000	0.000000	0.000000	0.000000	0.000000	0.000000	0.000000	0.000000	0.000000	1791490879.415149	0.000000
108.000000	-0.512354	-0.973274	-1.110503	-1.152554	-1.322474	-1.559872	-2.896172	2.226580	-0.843757	-1.253760	-2.241246	-0.478878	-3.140330	-4.388689	0.303753	-1.226163	0.000000	0.000000	0.000000	0.000000	0.000000	0.000000	0.000000	0.000000	0.000000	0.000000	0.000000	0.000000	0.000000	1791490879.415159	0.000000
109.000000	-0.076734	-0.235109	0.027683	0.685803	-0.231096	-1.049543	-1.869948	0.025967	-0.975194	-0.085478	-0.272631	-0.265956	-0.119588	0.257891	-1.401221	-0.791745	0.000000	0.000000	0.000000	0.000000	0.000000	0.000000	0.000000	0.000000	0.000000	0.000000	0.000000	0.000000	0.000000	1791490879.415169	0.000000
110.000000	0.114057	0.196918	0.699965	1.626088	0.396564	-0.457522	-0.093438	-2.346607	-0.780927	0.760560	1.398526	-0.466001	2.444108	4.299343	-2.352446	-0.065497	0.000000	0.000000	0.000000	0.000000	0.000000	0.000000	0.000000	0.000000	0.000000	0.000000	0.000000	0.000000	0.000000	1791490879.415179	0.000000
111.000000	0.359969	0.468811	0.896221	1.464436	0.587310	0.196191	1.604918	-2.980176	0.091806	1.171911	2.074918	-0.521447	3.318658	5.528717	-1.456361	0.993530	0.000000	0.000000	0.000000	0.000000	0.000000	0.000000	0.000000	0.000000	0.000000	0.000000	0.000000	0.000000	0.000000	1791490879.415188	0.000000
112.000000	0.823013	0.819877	0.906141	0.725658	0.747343	0.981959	2.514885	-1.260837	1.420384	1.258071	1.740293	0.107763	2.421435	3.570038	0.959322	2.009264	0.000000	0.000000	0.000000	0.000000	0.000000	0.000000	0.000000	0.000000	0.000000	0.000000	0.000000	0.000000	0.000000	1791490879.415197	0.000000
113.000000	1.229937	1.181696	0.886337	0.076823	1.097137	1.740000	2.301310	1.613360	2.357350	1.065797	0.831388	1.307682	0.608757	-0.099692	3.215974	2.262596	0.000000	0.000000	0.000000	0.000000	0.000000	0.000000	0.000000	0.000000	0.000000	0.000000	0.000000	0.000000	0.000000	1791490879.415207	0.000000
114.000000	1.053718	1.151278	0.680901	-0.203539	1.350733	1.991439	1.092452	3.491696	2.001831	0.511967	-0.157794	2.229785	-1.025273	-3.212043	3.468825	1.223016	0.000000	0.000000	0.000000	0.000000	0.000000	0.000000	0.000000	0.000000	0.000000	0.000000	0.000000	0.000000	0.000000	1791490879.415216	0.000000
115.000000	0.042250	0.385341	0.048538	-0.303668	0.947013	1.246841	-0.592841	2.877309	0.189415	-0.414917	-0.926139	1.899540	-1.809238	-4.114905	1.160916	-0.864625	0.000000	0.000000	0.000000	0.000000	0.000000	0.000000	0.000000	0.000000	0.000000	0.000000	0.000000	0.000000	0.000000	1791490879.415226	0.000000
116.000000	-1.382487	-0.942658	-0.945176	-0.527615	-0.352408	-0.490637	-2.041491	0.081723	-2.158198	-1.421495	-1.359791	0.072495	-1.716487	-2.651218	-2.374766	-2.883343	0.000000	0.000000	0.000000	0.000000	0.000000	0.000000	0.000000	0.000000	0.000000	0.000000	0.000000	0.000000	0.000000	1791490879.415235	0.000000
117.000000	-2.270146	-2.075368	-1.778289	-0.888599	-2.028099	-2.461755	-2.612964	-2.946739	-3.504195	-1.937185	-1.395216	-2.354077	-1.121796	-0.038670	-4.707062	-3.455786	0.000000	0.000000	0.000000	0.000000	0.000000	0.000000	0.000000	0.000000	0.000000	0.000000	0.000000	0.000000	0.000000	1791490879.415244	0.000000
118.000000	-1.809128	-2.138781	-1.770722	-1.031175	-2.972171	-3.447351	-2.003225	-4.014146	-2.743465	-1.469651	-0.955170	-3.781813	-0.391189	2.059323	-4.005771	-1.917232	0.000000	0.000000	0.000000	0.000000	0.000000	0.000000	0.000000	0.000000	0.000000	0.000000	0.000000	0.000000	0.000000	1791490879.415253	0.000000
119.000000	-0.028193	-0.829813	-0.639315	-0.558505	-2.238693	-2.538259	-0.410646	-2.281097	-0.088644	-0.043760	-0.046947	-2.985387	0.338969	2.597467	-0.445076	1.055014	0.000000	0.000000	0.000000	0.000000	0.000000	0.000000	0.000000	0.000000	0.000000	0.000000	0.000000	0.000000	0.000000	1791490879.415263	0.000000
120.000000	2.052389	1.220097	1.139300	0.521111	0.141798	0.115478	1.488997	1.100503	2.901950	1.649161	1.078944	-0.087627	1.060514	1.661527	3.748094	3.699208	0.000000	0.000000	0.000000	0.000000	0.000000	0.000000	0.000000	0.000000	0.000000	0.000000	0.000000	0.000000	0.000000	1791490879.415272	0.000000
121.000000	3.027865	2.750768	2.507606	1.638136	2.935756	3.158910	2.796452	3.787475	4.272675	2.588537	1.909450	3.307474	1.643047	0.180795	5.726074	4.250836	0.000000	0.000000	0.000000	0.000000	0.000000	0.000000	0.000000	0.000000	0.000000	0.000000	0.000000	0.000000	0.000000	1791490879.415282	0.000000
122.000000	2.096265	2.696197	2.496438	1.986310	4.355058	4.723312	2.802951	3.907089	2.994701	2.079270	1.899885	5.027203	1.741656	-0.848067	3.985932	2.158640	0.000000	0.000000	0.000000	0.000000	0.000000	0.000000	0.000000	0.000000	0.000000	0.000000	0.000000	0.000000	0.000000	1791490879.415292	0.000000
123.000000	-0.291619	0.953823	0.932186	1.122379	3.231734	3.602411	1.381999	1.379308	-0.258644	0.277360	0.849167	3.751622	1.017404	-1.025219	-0.508110	-1.425793	0.000000	0.000000	0.000000	0.000000	0.000000	0.000000	0.000000	0.000000	0.000000	0.000000	0.000000	0.000000	0.000000	1791490879.415301	0.000000
124.000000	-2.641003	-1.471484	-1.346545	-0.614757	-0.072652	0.153399	-0.864121	-2.045062	-3.471227	-1.816978	-0.851091	-0.005779	-0.482251	-0.660696	-4.874219	-4.294348	0.000000	0.000000	0.000000	0.000000	0.000000	0.000000	0.000000	0.000000	0.000000	0.000000	0.000000	0.000000	0.000000	1791490879.415310	0.000000
125.000000	-3.388814	-3.084627	-2.963104	-2.217885	-3.709478	-3.739544	-2.833986	-4.034517	-4.580835	-2.944326	-2.323666	-4.072020	-2.127541	-0.345822	-6.207326	-4.590783	0.000000	0.000000	0.000000	0.000000	0.000000	0.000000	0.000000	0.000000	0.000000	0.000000	0.000000	0.000000	0.000000	1791490879.415320	0.000000
126.000000	-1.980042	-2.868652	-2.876172	-2.629703	-5.408827	-5.718417	-3.463670	-3.299461	-2.846417	-2.381744	-2.669251	-5.907930	-2.943554	-0.382843	-3.541411	-2.049346	0.000000	0.000000	0.000000	0.000000	0.000000	0.000000	0.000000	0.000000	0.000000	0.000000	0.000000	0.000000	0.000000	1791490879.415329	0.000000
127.000000	0.718373	-0.944894	-1.069420	-1.461979	-3.930704	-4.413422	-2.308518	-0.437979	0.648498	-0.420413	-1.530553	-4.226565	-2.209415	-0.539775	1.463998	1.786047	0.000000	0.000000	0.000000	0.000000	0.000000	0.000000	0.000000	0.000000	0.000000	0.000000	0.000000	0.000000	0.000000	1791490879.415339	0.000000
128.000000	2.973111	1.514844	1.410371	0.685592	0.047655	-0.384945	0.154019	2.554206	3.702510	1.797943	0.605437	0.114309	-0.037553	-0.314172	5.592326	4.533041	0.000000	0.000000	0.000000	0.000000	0.000000	0.000000	0.000000	0.000000	0.000000	0.000000	0.000000	0.000000	0.000000	1791490879.415348	0.000000
129.000000	3.336933	3.045804	3.097135	2.551534	4.236638	4.100959	2.702434	3.708234	4.431361	2.982286	2.600631	4.561395	2.509831	0.526958	6.180740	4.497741	0.000000	0.000000	0.000000	0.000000	0.000000	0.000000	0.000000	0.000000	0.000000	0.000000	0.000000	0.000000	0.000000	1791490879.415357	0.000000
130.000000	1.606861	2.796321	3.006763	2.988848	6.093817	6.382151	3.975763	2.405663	2.463390	2.473650	3.285522	6.410242	3.940525	1.595959	2.860322	1.747459	0.000000	0.000000	0.000000	0.000000	0.000000	0.000000	0.000000	0.000000	0.000000	0.000000	0.000000	0.000000	0.000000	1791490879.415376	0.000000
131.000000	-1.063857	0.997900	1.215441	1.686566	4.398829	5.010427	3.201733	-0.304571	-0.884151	0.611413	2.154262	4.479933	3.228682	2.054520	-2.224656	-1.967462	0.000000	0.000000	0.000000	0.000000	0.000000	0.000000	0.000000	0.000000	0.000000	0.000000	0.000000	0.000000	0.000000	1791490879.415386	0.000000
132.000000	-2.959280	-1.254626	-1.226680	-0.627947	0.046237	0.667248	0.656387	-2.543505	-3.517913	-1.517813	-0.284997	-0.138448	0.534313	1.235718	-5.838481	-4.363974	0.000000	0.000000	0.000000	0.000000	0.000000	0.000000	0.000000	0.000000	0.000000	0.000000	0.000000	0.000000	0.000000	1791490879.415395	0.000000
133.000000	-2.938482	-2.706380	-2.946981	-2.623335	-4.451002	-4.189237	-2.410386	-2.931581	-3.918823	-2.748185	-2.734023	-4.728266	-2.749425	-0.727035	-5.751498	-4.069776	0.000000	0.000000	0.000000	0.000000	0.000000	0.000000	0.000000	0.000000	0.000000	0.000000	0.000000	0.000000	0.000000	1791490879.415405	0.000000
134.000000	-1.140598	-2.651880	-3.034983	-3.151621	-6.447905	-6.745116	-4.376621	-1.455314	-2.031969	-2.483149	-3.799846	-6.581601	-4.723469	-2.774378	-2.129758	-1.420420	0.000000	0.000000	0.000000	0.000000	0.000000	0.000000	0.000000	0.000000	0.000000	0.000000	0.000000	0.000000	0.000000	1791490879.415414	0.000000
135.000000	1.191440	-1.241824	-1.501820	-1.907942	-4.739038	-5.475873	-4.093592	0.685163	0.835255	-0.955034	-2.783083	-4.612576	-4.096875	-3.491426	2.659371	1.861929	0.000000	0.000000	0.000000	0.000000	0.000000	0.000000	0.000000	0.000000	0.000000	0.000000	0.000000	0.000000	0.000000	1791490879.415423	0.000000
136.000000	2.592565	0.710085	0.794017	0.410959	-0.275219	-1.048271	-1.547167	2.036463	2.944292	0.986981	-0.120102	0.017812	-1.026405	-2.070337	5.631708	3.822823	0.000000	0.000000	0.000000	0.000000	0.000000	0.000000	0.000000	0.000000	0.000000	0.000000	0.000000	0.000000	0.000000	1791490879.415439	0.000000
137.000000	2.321306	2.214384	2.642849	2.511580	4.386455	4.042619	2.032768	1.897619	3.204984	2.363864	2.784175	4.609981	2.857217	0.977073	5.074415	3.463812	0.000000	0.000000	0.000000	0.000000	0.000000	0.000000	0.000000	0.000000	0.000000	0.000000	0.000000	0.000000	0.000000	1791490879.415448	0.000000
138.000000	0.743034	2.583762	3.104092	3.226068	6.565231	6.892747	4.735433	0.665144	1.717664	2.538704	4.283600	6.519262	5.318178	3.923061	1.525049	1.226131	0.000000	0.000000	0.000000	0.000000	0.000000	0.000000	0.000000	0.000000	0.000000	0.000000	0.000000	0.000000	0.000000	1791490879.415458	0.000000
139.000000	-1.035801	1.696652	1.953137	2.155700	5.006934	5.854195	4.975930	-0.631640	-0.469058	1.469617	3.418775	4.686996	4.818436	4.808911	-2.707733	-1.439566	0.000000	0.000000	0.000000	0.000000	0.000000	0.000000	0.000000	0.000000	0.000000	0.000000	0.000000	0.000000	0.000000	1791490879.415467	0.000000
140.000000	-1.954295	-0.004364	-0.226487	-0.109889	0.604456	1.489612	2.428529	-1.159992	-2.107250	-0.315363	0.530578	0.221375	1.487194	2.748330	-5.073546	-3.035335	0.000000	0.000000	0.000000	0.000000	0.000000	0.000000	0.000000	0.000000	0.000000	0.000000	0.000000	0.000000	0.000000	1791490879.415476	0.000000
141.000000	-1.640275	-1.724407	-2.328662	-2.317130	-4.124662	-3.737767	-1.665023	-0.826467	-2.465960	-1.967878	-2.833744	-4.285808	-2.859588	-1.318089	-4.329582	-2.858075	0.000000	0.000000	0.000000	0.000000	0.000000	0.000000	0.000000	0.000000	0.000000	0.000000	0.000000	0.000000	0.000000	1791490879.415486	0.000000
142.000000	-0.514799	-2.646619	-3.259623	-3.241867	-6.493076	-6.865493	-5.069651	-0.175113	-1.602626	-2.686541	-4.738034	-6.278882	-5.718347	-5.011471	-1.160967	-1.249636	0.000000	0.000000	0.000000	0.000000	0.000000	0.000000	0.000000	0.000000	0.000000	0.000000	0.000000	0.000000	0.000000	1791490879.415495	0.000000
143.000000	0.621977	-2.282630	-2.488454	-2.371708	-5.182935	-6.122922	-5.776028	0.182666	-0.143039	-2.077006	-3.978580	-4.696517	-5.361148	-5.922510	2.406984	0.773297	0.000000	0.000000	0.000000	0.000000	0.000000	0.000000	0.000000	0.000000	0.000000	0.000000	0.000000	0.000000	0.000000	1791490879.415504	0.000000
144.000000	1.161141	-0.725616	-0.351022	-0.194854	-0.980749	-1.939811	-3.202854	0.089067	1.168243	-0.367936	-0.856245	-0.531453	-1.893845	-3.197548	4.318826	2.168526	0.000000	0.000000	0.000000	0.000000	0.000000	0.000000	0.000000	0.000000	0.000000	0.000000	0.000000	0.000000	0.000000	1791490879.415513	0.000000
145.000000	1.006994	1.323191	2.070533	2.073635	3.704519	3.307977	1.349613	-0.107196	1.827876	1.637165	2.904972	3.800801	2.748499	1.750546	3.665554	2.379867	0.000000	0.000000	0.000000	0.000000	0.000000	0.000000	0.000000	0.000000	0.000000	0.000000	0.000000	0.000000	0.000000	1791490879.415523	0.000000
146.000000	0.485480	2.826470	3.474402	3.176150	6.239646	6.662653	5.339513	0.035174	1.688764	2.903503	5.109723	5.878179	5.897860	5.964721	1.063939	1.483608	0.000000	0.000000	0.000000	0.000000	0.000000	0.000000	0.000000	0.000000	0.000000	0.000000	0.000000	0.000000	0.000000	1791490879.415532	0.000000
147.000000	-0.008725	2.913215	3.030229	2.516371	5.257988	6.264681	6.414871	0.561166	0.886433	2.685392	4.387463	4.633065	5.708681	6.739311	-1.870242	0.009329	0.000000	0.000000	0.000000	0.000000	0.000000	0.000000	0.000000	0.000000	0.000000	0.000000	0.000000	0.000000	0.000000	1791490879.415541	0.000000
148.000000	-0.308658	1.386439	0.873411	0.482870	1.391154	2.385307	3.821183	1.004917	-0.271671	0.972428	1.057818	0.889591	2.251802	3.381599	-3.529265	-1.368731	0.000000	0.000000	0.000000	0.000000	0.000000	0.000000	0.000000	0.000000	0.000000	0.000000	0.000000	0.000000	0.000000	1791490879.415551	0.000000
149.000000	-0.492582	-1.059379	-1.891466	-1.782774	-3.145361	-2.762307	-1.072590	0.779381	-1.369376	-1.408415	-2.987784	-3.184325	-2.509338	-2.224150	-3.171458	-2.092588	0.000000	0.000000	0.000000	0.000000	0.000000	0.000000	0.000000	0.000000	0.000000	0.000000	0.000000	0.000000	0.000000	1791490879.415560	0.000000
150.000000	-0.665061	-3.109274	-3.733948	-3.031343	-5.834758	-6.299020	-5.495070	-0.243874	-1.945186	-3.161367	-5.364225	-5.344586	-5.852842	-6.687920	-1.192154	-1.876502	0.000000	0.000000	0.000000	0.000000	0.000000	0.000000	0.000000	0.000000	0.000000	0.000000	0.000000	0.000000	0.000000	1791490879.415569	0.000000
151.000000	-0.749393	-3.523418	-3.539707	-2.597387	-5.258395	-6.297739	-6.859189	-1.476704	-1.646542	-3.224535	-4.615115	-4.509326	-5.874309	-7.200405	1.232340	-0.786507	0.000000	0.000000	0.000000	0.000000	0.000000	0.000000	0.000000	0.000000	0.000000	0.000000	0.000000	0.000000	0.000000	1791490879.415578	0.000000
152.000000	-0.515128	-1.899769	-1.293818	-0.753334	-1.833259	-2.829618	-4.292826	-1.959728	-0.461433	-1.429129	-1.122247	-1.283626	-2.578976	-3.326929	2.834508	0.745074	0.000000	0.000000	0.000000	0.000000	0.000000	0.000000	0.000000	0.000000	0.000000	0.000000	0.000000	0.000000	0.000000	1791490879.415588	0.000000
153.000000	0.162137	0.973055	1.819530	1.461673	2.486496	2.125334	0.802387	-1.102555	1.135043	1.304601	3.076087	2.470568	2.140062	2.652171	2.883075	2.022821	0.000000	0.000000	0.000000	0.000000	0.000000	0.000000	0.000000	0.000000	0.000000	0.000000	0.000000	0.000000	0.000000	1791490879.415597	0.000000
154.000000	1.047856	3.466347	4.024856	2.830729	5.331848	5.817788	5.521776	0.749386	2.310635	3.422220	5.483105	4.718030	5.607721	7.110179	1.469108	2.359592	0.000000	0.000000	0.000000	0.000000	0.000000	0.000000	0.000000	0.000000	0.000000	0.000000	0.000000	0.000000	0.000000	1791490879.415607	0.000000
155.000000	1.577252	4.038751	3.972416	2.629821	5.216241	6.257179	7.129205	2.413910	2.309020	3.629704	4.648772	4.351232	5.898230	7.311975	-0.617708	1.450403	0.000000	0.000000	0.000000	0.000000	0.000000	0.000000	0.000000	0.000000	0.000000	0.000000	0.000000	0.000000	0.000000	1791490879.415616	0.000000
156.000000	1.223014	2.209224	1.578044	1.008199	2.298526	3.276602	4.655237	2.647103	0.958789	1.703891	1.060478	1.712989	2.903949	3.113089	-2.310219	-0.359661	0.000000	0.000000	0.000000	0.000000	0.000000	0.000000	0.000000	0.000000	0.000000	0.000000	0.000000	0.000000	0.000000	1791490879.415626	0.000000
157.000000	-0.043800	-1.053104	-1.846866	-1.120548	-1.770648	-1.429691	-0.519470	1.071448	-1.098799	-1.302265	-3.139787	-1.689144	-1.650501	-2.948506	-2.774928	-2.141990	0.000000	0.000000	0.000000	0.000000	0.000000	0.000000	0.000000	0.000000	0.000000	0.000000	0.000000	0.000000	0.000000	1791490879.415634	0.000000
158.000000	-1.578407	-3.830057	-4.307642	-2.596528	-4.786584	-5.275127	-5.442343	-1.434975	-2.690208	-3.633000	-5.447665	-4.050110	-5.216529	-7.215796	-1.797676	-2.844114	0.000000	0.000000	0.000000	0.000000	0.000000	0.000000	0.000000	0.000000	0.000000	0.000000	0.000000	0.000000	0.000000	1791490879.415644	0.000000
159.000000	-2.382106	-4.395594	-4.296857	-2.642087	-5.174246	-6.195212	-7.281142	-3.232884	-2.794387	-3.869820	-4.507724	-4.210193	-5.850164	-7.146989	0.114949	-1.927728	0.000000	0.000000	0.000000	0.000000	0.000000	0.000000	0.000000	0.000000	0.000000	0.000000	0.000000	0.000000	0.000000	1791490879.415653	0.000000
160.000000	-1.762990	-2.309316	-1.730532	-1.263711	-2.790856	-3.740139	-4.955878	-3.015429	-1.220324	-1.812563	-0.920215	-2.192327	-3.259754	-2.839389	1.971950	0.213418	0.000000	0.000000	0.000000	0.000000	0.000000	0.000000	0.000000	0.000000	0.000000	0.000000	0.000000	0.000000	0.000000	1791490879.415663	0.000000
161.000000	0.106506	1.242450	1.938254	0.771920	1.043551	0.718183	0.228461	-0.758529	1.185411	1.356005	3.142232	0.886066	1.079776	3.074164	2.784900	2.380851	0.000000	0.000000	0.000000	0.000000	0.000000	0.000000	0.000000	0.000000	0.000000	0.000000	0.000000	0.000000	0.000000	1791490879.415672	0.000000
162.000000	2.167036	4.120678	4.540682	2.360528	4.269397	4.747330	5.315066	2.161924	2.991683	3.753123	5.261307	3.423436	4.769368	7.056754	2.086671	3.242733	0.000000	0.000000	0.000000	0.000000	0.000000	0.000000	0.000000	0.000000	0.000000	0.000000	0.000000	0.000000	0.000000	1791490879.415681	0.000000
163.000000	3.080183	4.542467	4.486824	2.652699	5.174211	6.164695	7.380495	3.826214	3.055550	3.930778	4.226206	4.139359	5.800962	6.800621	0.215142	2.172403	0.000000	0.000000	0.000000	0.000000	0.000000	0.000000	0.000000	0.000000	0.000000	0.000000	0.000000	0.000000	0.000000	1791490879.415690	0.000000
164.000000	2.113334	2.211450	1.754614	1.506123	3.287436	4.206593	5.214711	3.057552	1.270095	1.770456	0.734449	2.695388	3.637078	2.566705	-1.818514	-0.284652	0.000000	0.000000	0.000000	0.000000	0.000000	0.000000	0.000000	0.000000	0.000000	0.000000	0.000000	0.000000	0.000000	1791490879.415700	0.000000
165.000000	-0.294036	-1.464854	-2.053437	-0.440845	-0.370699	-0.056923	0.034251	0.261282	-1.316482	-1.426962	-3.069741	-0.146597	-0.510572	-3.044440	-2.855305	-2.666284	0.000000	0.000000	0.000000	0.000000	0.000000	0.000000	0.000000	0.000000	0.000000	0.000000	0.000000	0.000000	0.000000	1791490879.415709	0.000000
166.000000	-2.712080	-4.237453	-4.657316	-2.120158	-3.824106	-4.291061	-5.194489	-2.787388	-3.126600	-3.732029	-4.921113	-2.904380	-4.348075	-6.703062	-2.253439	-3.472638	0.000000	0.000000	0.000000	0.000000	0.000000	0.000000	0.000000	0.000000	0.000000	0.000000	0.000000	0.000000	0.000000	1791490879.415719	0.000000
167.000000	-3.590224	-4.423087	-4.488857	-2.623626	-5.196066	-6.161987	-7.451985	-4.097936	-3.045198	-3.775582	-3.801265	-4.125642	-5.757784	-6.338341	-0.310218	-2.137037	0.000000	0.000000	0.000000	0.000000	0.000000	0.000000	0.000000	0.000000	0.000000	0.000000	0.000000	0.000000	0.000000	1791490879.415728	0.000000
168.000000	-2.271515	-1.953567	-1.658689	-1.701097	-3.729927	-4.622972	-5.414091	-2.793442	-1.134990	-1.586515	-0.509840	-3.146953	-3.967822	-2.311336	1.851034	0.554781	0.000000	0.000000	0.000000	0.000000	0.000000	0.000000	0.000000	0.000000	0.000000	0.000000	0.000000	0.000000	0.000000	1791490879.415737	0.000000
169.000000	0.526052	1.608382	2.114272	0.115432	-0.216085	-0.510451	-0.237035	0.293140	1.403656	1.453333	2.892733	-0.466613	0.015000	2.891033	2.920310	2.918443	0.000000	0.000000	0.000000	0.000000	0.000000	0.000000	0.000000	0.000000	0.000000	0.000000	0.000000	0.000000	0.000000	1791490879.415746	0.000000
170.000000	3.110240	4.081637	4.567436	1.824173	3.423941	3.897995	5.091992	3.168238	3.007528	3.497392	4.389899	2.488608	3.961357	6.200818	2.211539	3.443522	0.000000	0.000000	0.000000	0.000000	0.000000	0.000000	0.000000	0.000000	0.000000	0.000000	0.000000	0.000000	0.000000	1791490879.415756	0.000000
171.000000	3.864430	4.034036	4.277906	2.513040	5.184187	6.139439	7.479122	3.998215	2.745686	3.382978	3.224088	4.110299	5.665935	5.788127	0.131798	1.789492	0.000000	0.000000	0.000000	0.000000	0.000000	0.000000	0.000000	0.000000	0.000000	0.000000	0.000000	0.000000	0.000000	1791490879.415765	0.000000
172.000000	2.276607	1.626233	1.500435	1.847993	4.083688	4.946375	5.527783	2.304677	0.879933	1.308190	0.276833	3.487341	4.188619	2.070749	-2.029124	-0.970670	0.000000	0.000000	0.000000	0.000000	0.000000	0.000000	0.000000	0.000000	0.000000	0.000000	0.000000	0.000000	0.000000	1791490879.415774	0.000000
173.000000	-0.717885	-1.573827	-2.040908	0.228833	0.722502	0.975286	0.366135	-0.760430	-1.359618	-1.366477	-2.573789	0.934502	0.385567	-2.639759	-2.898619	-3.044775	0.000000	0.000000	0.000000	0.000000	0.000000	0.000000	0.000000	0.000000	0.000000	0.000000	0.000000	0.000000	0.000000	1791490879.415783	0.000000
174.000000	-3.304923	-3.631948	-4.242210	-1.454167	-3.036607	-3.543118	-4.998168	-3.215816	-2.603206	-3.021882	-3.660153	-2.147485	-3.579486	-5.579645	-1.912739	-3.103854	0.000000	0.000000	0.000000	0.000000	0.000000	0.000000	0.000000	0.000000	0.000000	0.000000	0.000000	0.000000	0.000000	1791490879.415792	0.000000
175.000000	-3.913309	-3.440390	-3.889294	-2.313461	-5.099260	-6.054783	-7.432575	-3.560482	-2.205110	-2.782515	-2.516080	-4.036238	-5.471173	-5.162103	0.293014	-1.160981	0.000000	0.000000	0.000000	0.000000	0.000000	0.000000	0.000000	0.000000	0.000000	0.000000	0.000000	0.000000	0.000000	1791490879.415802	0.000000
176.000000	-2.182649	-1.313218	-1.330808	-1.934376	-4.315874	-5.136624	-5.521067	-1.709944	-0.583352	-0.984896	-0.055098	-3.664245	-4.257488	-1.830475	2.276871	1.449691	0.000000	0.000000	0.000000	0.000000	0.000000	0.000000	0.000000	0.000000	0.000000	0.000000	0.000000	0.000000	0.000000	1791490879.415811	0.000000
177.000000	0.825468	1.332589	1.818252	-0.572486	-1.136681	-1.319866	-0.403121	1.035438	1.145215	1.142047	2.115625	-1.243800	-0.686336	2.320630	2.733017	2.982868	0.000000	0.000000	0.000000	0.000000	0.000000	0.000000	0.000000	0.000000	0.000000	0.000000	0.000000	0.000000	0.000000	1791490879.415821	0.000000
178.000000	3.293966	2.931983	3.708615	1.016657	2.640100	3.207149	4.898084	2.914799	1.942057	2.321161	2.750953	1.842479	3.169843	4.862865	1.366549	2.463156	0.000000	0.000000	0.000000	0.000000	0.000000	0.000000	0.000000	0.000000	0.000000	0.000000	0.000000	0.000000	0.000000	1791490879.415830	0.000000
179.000000	3.767468	2.714836	3.359437	2.005268	4.893375	5.859695	7.269011	2.862127	1.493089	2.015055	1.697067	3.839678	5.128882	4.462180	-0.894476	0.329213	0.000000	0.000000	0.000000	0.000000	0.000000	0.000000	0.000000	0.000000	0.000000	0.000000	0.000000	0.000000	0.000000	1791490879.415839	0.000000
180.000000	2.022465	1.059081	1.164606	1.930536	4.387631	5.150796	5.352798	1.118882	0.307464	0.657713	-0.143438	3.639944	4.152431	1.573215	-2.514608	-1.899630	0.000000	0.000000	0.000000	0.000000	0.000000	0.000000	0.000000	0.000000	0.000000	0.000000	0.000000	0.000000	0.000000	1791490879.415849	0.000000
181.000000	-0.837032	-0.895013	-1.457996	0.903640	1.461960	1.540957	0.341532	-1.053867	-0.742845	-0.762695	-1.519653	1.413634	0.903377	-1.958146	-2.392573	-2.695074	0.000000	0.000000	0.000000	0.000000	0.000000	0.000000	0.000000	0.000000	0.000000	0.000000	0.000000	0.000000	0.000000	1791490879.415858	0.000000
182.000000	-3.090591	-2.035185	-2.993179	-0.500580	-2.194856	-2.854701	-4.760290	-2.291556	-1.064494	-1.419728	-1.685261	-1.519656	-2.697907	-4.071383	-0.619383	-1.575789	0.000000	0.000000	0.000000	0.000000	0.000000	0.000000	0.000000	0.000000	0.000000	0.000000	0.000000	0.000000	0.000000	1791490879.415867	0.000000
183.000000	-3.454025	-1.921311	-2.719132	-1.578239	-4.534293	-5.518274	-6.948971	-2.002927	-0.691874	-1.144921	-0.811666	-3.486404	-4.622572	-3.697736	1.575731	0.588613	0.000000	0.000000	0.000000	0.000000	0.000000	0.000000	0.000000	0.000000	0.000000	0.000000	0.000000	0.000000	0.000000	1791490879.415877	0.000000
184.000000	-1.819955	-0.902470	-1.027328	-1.849671	-4.310026	-4.988896	-5.009649	-0.632950	-0.127841	-0.394973	0.275336	-3.431375	-3.890359	-1.289674	2.665492	2.224526	0.000000	0.000000	0.000000	0.000000	0.000000	0.000000	0.000000	0.000000	0.000000	0.000000	0.000000	0.000000	0.000000	1791490879.415886	0.000000
185.000000	0.746360	0.272946	0.956049	-1.249995	-1.740964	-1.671317	-0.201625	0.788043	0.140821	0.208902	0.780456	-1.490578	-1.066057	1.579935	1.879791	2.180861	0.000000	0.000000	0.000000	0.000000	0.000000	0.000000	0.000000	0.000000	0.000000	0.000000	0.000000	0.000000	0.000000	1791490879.415895	0.000000
186.000000	2.711151	1.002330	2.127411	-0.100173	1.675798	2.458743	4.554195	1.412821	0.039743	0.370718	0.512399	1.150431	2.153887	3.235842	-0.250367	0.536196	0.000000	0.000000	0.000000	0.000000	0.000000	0.000000	0.000000	0.000000	0.000000	0.000000	0.000000	0.000000	0.000000	1791490879.415910	0.000000
187.000000	3.004463	1.133935	2.026637	1.072761	4.049010	5.041698	6.462536	1.093812	-0.096395	0.263712	-0.064407	2.990705	3.970598	2.881188	-2.243827	-1.477253	0.000000	0.000000	0.000000	0.000000	0.000000	0.000000	0.000000	0.000000	0.000000	0.000000	0.000000	0.000000	0.000000	1791490879.415920	0.000000
188.000000	1.603191	0.879439	0.965957	1.756393	4.142548	4.692247	4.512083	0.325222	0.101802	0.258428	-0.295276	3.078563	3.497034	0.964336	-2.687400	-2.371185	0.000000	0.000000	0.000000	0.000000	0.000000	0.000000	0.000000	0.000000	0.000000	0.000000	0.000000	0.000000	0.000000	1791490879.415929	0.000000
189.000000	-0.550565	0.501955	-0.317968	1.641457	2.008900	1.742551	0.012920	-0.256146	0.630969	0.505280	0.079469	1.502706	1.181472	-1.222371	-1.225663	-1.477756	0.000000	0.000000	0.000000	0.000000	0.000000	0.000000	0.000000	0.000000	0.000000	0.000000	0.000000	0.000000	0.000000	1791490879.415939	0.000000
190.000000	-2.183939	0.088475	-1.172831	0.744845	-1.106296	-2.025917	-4.270981	-0.372701	1.042467	0.750170	0.694400	-0.740641	-1.553756	-2.393677	1.166785	0.563975	0.000000	0.000000	0.000000	0.000000	0.000000	0.000000	0.000000	0.000000	0.000000	0.000000	0.000000	0.000000	0.000000	1791490879.415949	0.000000
191.000000	-2.454890	-0.413919	-1.350465	-0.566320	-3.493168	-4.462531	-5.826575	-0.229710	0.796180	0.554499	0.868019	-2.379483	-3.190523	-2.023684	2.832860	2.259863	0.000000	0.000000	0.000000	0.000000	0.000000	0.000000	0.000000	0.000000	0.000000	0.000000	0.000000	0.000000	0.000000	1791490879.415958	0.000000
192.000000	-1.381908	-0.979442	-0.992783	-1.689043	-3.914940	-4.283730	-3.880439	-0.214968	-0.228845	-0.257909	0.205619	-2.596511	-2.967496	-0.564553	2.570731	2.332921	0.000000	0.000000	0.000000	0.000000	0.000000	0.000000	0.000000	0.000000	0.000000	0.000000	0.000000	0.000000	0.000000	1791490879.415968	0.000000
193.000000	0.275272	-1.352311	-0.396130	-2.038273	-2.242750	-1.749513	0.219647	-0.470061	-1.494754	-1.314169	-0.989518	-1.434682	-1.222453	0.946163	0.485244	0.655710	0.000000	0.000000	0.000000	0.000000	0.000000	0.000000	0.000000	0.000000	0.000000	0.000000	0.000000	0.000000	0.000000	1791490879.415977	0.000000
194.000000	1.545712	-1.157252	0.210222	-1.355220	0.532168	1.575779	3.917955	-0.722049	-2.088198	-1.853994	-1.852084	0.320200	0.921598	1.590322	-2.047045	-1.627933	0.000000	0.000000	0.000000	0.000000	0.000000	0.000000	0.000000	0.000000	0.000000	0.000000	0.000000	0.000000	0.000000	1791490879.415987	0.000000
195.000000	1.820602	-0.226241	0.716440	0.096142	2.883165	3.789344	5.049491	-0.530818	-1.376131	-1.275639	-1.576984	1.661824	2.278251	1.122069	-3.295024	-2.889705	0.000000	0.000000	0.000000	0.000000	0.000000	0.000000	0.000000	0.000000	0.000000	0.000000	0.000000	0.000000	0.000000	1791490879.415996	0.000000
196.000000	1.133131	1.129138	1.047388	1.601318	3.592018	3.749187	3.121131	0.261264	0.441944	0.332095	-0.075869	1.954193	2.268091	0.041715	-2.349767	-2.160439	0.000000	0.000000	0.000000	0.000000	0.000000	0.000000	0.000000	0.000000	0.000000	0.000000	0.000000	0.000000	0.000000	1791490879.416006	0.000000
197.000000	0.028676	2.170043	1.084714	2.347788	2.385113	1.666711	-0.491588	1.271743	2.328662	2.100736	1.834977	1.237609	1.150717	-0.812918	0.240029	0.167514	0.000000	0.000000	0.000000	0.000000	0.000000	0.000000	0.000000	0.000000	0.000000	0.000000	0.000000	0.000000	0.000000	1791490879.416015	0.000000
198.000000	-0.839044	2.144148	0.702428	1.876163	0.020249	-1.121501	-3.498739	1.761953	3.016824	2.862325	2.893638	0.090672	-0.270160	-0.862443	2.802067	2.564664	0.000000	0.000000	0.000000	0.000000	0.000000	0.000000	0.000000	0.000000	0.000000	0.000000	0.000000	0.000000	0.000000	1791490879.416025	0.000000
199.000000	-1.101147	0.818796	-0.094828	0.366269	-2.192449	-3.012879	-4.151348	1.171746	1.860614	1.921809	2.225566	-0.812470	-1.217524	-0.170334	3.628712	3.374724	0.000000	0.000000	0.000000	0.000000	0.000000	0.000000	0.000000	0.000000	0.000000	0.000000	0.000000	0.000000	0.000000	1791490879.416034	0.000000
200.000000	-0.813790	-1.237072	-1.049032	-1.419184	-3.127966	-3.073676	-2.268151	-0.378368	-0.640459	-0.388180	0.002238	-1.119109	-1.384017	0.635144	2.107141	1.941802	0.000000	0.000000	0.000000	0.000000	0.000000	0.000000	0.000000	0.000000	0.000000	0.000000	0.000000	0.000000	0.000000	1791490879.416043	0.000000
201.000000	-0.306553	-2.874882	-1.685542	-2.523238	-2.417934	-1.494215	0.775542	-2.027736	-3.041036	-2.783520	-2.544210	-0.916761	-0.979891	0.842128	-0.855524	-0.904879	0.000000	0.000000	0.000000	0.000000	0.000000	0.000000	0.000000	0.000000	0.000000	0.000000	0.000000	0.000000	0.000000	1791490879.416053	0.000000
202.000000	0.101056	-3.023318	-1.552381	-2.315316	-0.566372	0.653285	3.019655	-2.671282	-3.804477	-3.755496	-3.817513	-0.525951	-0.427162	0.203672	-3.395164	-3.347992	0.000000	0.000000	0.000000	0.000000	0.000000	0.000000	0.000000	0.000000	0.000000	0.000000	0.000000	0.000000	0.000000	1791490879.416062	0.000000
203.000000	0.300198	-1.391634	-0.536145	-0.852960	1.403714	2.136584	3.179268	-1.708060	-2.291662	-2.525411	-2.859194	-0.179441	0.011660	-0.839418	-3.874446	-3.749236	0.000000	0.000000	0.000000	0.000000	0.000000	0.000000	0.000000	0.000000	0.000000	0.000000	0.000000	0.000000	0.000000	1791490879.416072	0.000000
204.000000	0.388752	1.245929	0.965633	1.125360	2.528581	2.282611	1.383733	0.472472	0.757039	0.380613	-0.025514	0.134536	0.368047	-1.443318	-1.926326	-1.732400	0.000000	0.000000	0.000000	0.000000	0.000000	0.000000	0.000000	0.000000	0.000000	0.000000	0.000000	0.000000	0.000000	1791490879.416082	0.000000
205.000000	0.501337	3.415126	2.174298	2.578359	2.368941	1.265041	-1.033050	2.633477	3.588490	3.339379	3.116782	0.546277	0.784093	-0.982122	1.300795	1.524775	0.000000	0.000000	0.000000	0.000000	0.000000	0.000000	0.000000	0.000000	0.000000	0.000000	0.000000	0.000000	0.000000	1791490879.416092	0.000000
206.000000	0.630705	3.782599	2.337501	2.709478	1.138259	-0.151877	-2.487396	3.417091	4.463676	4.548243	4.663445	1.034914	1.212371	0.427012	3.842434	3.994692	0.000000	0.000000	0.000000	0.000000	0.000000	0.000000	0.000000	0.000000	0.000000	0.000000	0.000000	0.000000	0.000000	1791490879.416101	0.000000
207.000000	0.595364	1.979776	1.196631	1.395238	-0.504752	-1.170084	-2.178016	2.207028	2.728835	3.124764	3.522366	1.294904	1.312174	1.897363	4.119091	4.066919	0.000000	0.000000	0.000000	0.000000	0.000000	0.000000	0.000000	0.000000	0.000000	0.000000	0.000000	0.000000	0.000000	1791490879.416111	0.000000
208.000000	0.192816	-1.103403	-0.775945	-0.728065	-1.819764	-1.416248	-0.524912	-0.429464	-0.732054	-0.283153	0.150603	0.916344	0.694026	2.321634	1.899299	1.582372	0.000000	0.000000	0.000000	0.000000	0.000000	0.000000	0.000000	0.000000	0.000000	0.000000	0.000000	0.000000	0.000000	1791490879.416121	0.000000
209.000000	-0.569789	-3.764854	-2.552204	-2.567667	-2.293890	-1.031068	1.224173	-3.019791	-3.960088	-3.781282	-3.599887	-0.219076	-0.651091	1.162271	-1.551581	-2.020516	0.000000	0.000000	0.000000	0.000000	0.000000	0.000000	0.000000	0.000000	0.000000	0.000000	0.000000	0.000000	0.000000	1791490879.416130	0.000000
210.000000	-1.355465	-4.443636	-3.083299	-3.123931	-1.784310	-0.411885	1.898650	-4.031659	-5.044120	-5.286552	-5.496286	-1.653941	-2.112650	-1.060970	-4.210654	-4.552139	0.000000	0.000000	0.000000	0.000000	0.000000	0.000000	0.000000	0.000000	0.000000	0.000000	0.000000	0.000000	0.000000	1791490879.416141	0.000000
211.000000	-1.622833	-2.634264	-1.914184	-2.018955	-0.508002	0.131838	1.182186	-2.779444	-3.247538	-3.763143	-4.245531	-2.487728	-2.701273	-2.976668	-4.475814	-4.400888	0.000000	0.000000	0.000000	0.000000	0.000000	0.000000	0.000000	0.000000	0.000000	0.000000	0.000000	0.000000	0.000000	1791490879.416151	0.000000
212.000000	-0.968953	0.773382	0.478357	0.263240	1.049470	0.533608	-0.252829	0.147456	0.522377	0.092199	-0.347984	-1.938875	-1.708092	-3.205006	-2.100839	-1.538954	0.000000	0.000000	0.000000	0.000000	0.000000	0.000000	0.000000	0.000000	0.000000	0.000000	0.000000	0.000000	0.000000	1791490879.416162	0.000000
213.000000	0.510737	3.937940	2.852643	2.566092	2.262980	0.854715	-1.301541	3.178594	4.181535	4.151910	4.061956	0.011373	0.649409	-1.323250	1.633495	2.408005	0.000000	0.000000	0.000000	0.000000	0.000000	0.000000	0.000000	0.000000	0.000000	0.000000	0.000000	0.000000	0.000000	1791490879.416172	0.000000
214.000000	2.111534	5.061819	3.833755	3.620418	2.549310	1.060133	-1.243800	4.608655	5.620009	6.024855	6.370445	2.388779	3.120972	1.709697	4.606095	5.086747	0.000000	0.000000	0.000000	0.000000	0.000000	0.000000	0.000000	0.000000	0.000000	0.000000	0.000000	0.000000	0.000000	1791490879.416181	0.000000
215.000000	2.819246	3.400271	2.699773	2.725270	1.615925	0.938689	-0.232234	3.536671	3.904028	4.456106	5.022466	3.688480	4.073135	4.029748	5.036669	4.810555	0.000000	0.000000	0.000000	0.000000	0.000000	0.000000	0.000000	0.000000	0.000000	0.000000	0.000000	0.000000	0.000000	1791490879.416191	0.000000
216.000000	1.927404	-0.269688	-0.116292	0.202180	-0.298215	0.283295	0.878912	0.400165	-0.141891	0.149497	0.549903	2.832625	2.570200	4.018893	2.525014	1.604570	0.000000	0.000000	0.000000	0.000000	0.000000	0.000000	0.000000	0.000000	0.000000	0.000000	0.000000	0.000000	0.000000	1791490879.416200	0.000000
217.000000	-0.386528	-4.001117	-3.143298	-2.663117	-2.366862	-0.808198	1.209415	-3.189562	-4.321659	-4.516005	-4.578964	0.012413	-0.829148	1.417349	-1.639334	-2.735369	0.000000	0.000000	0.000000	0.000000	0.000000	0.000000	0.000000	0.000000	0.000000	0.000000	0.000000	0.000000	0.000000	1791490879.416210	0.000000
218.000000	-2.953389	-5.697074	-4.620887	-4.240709	-3.463108	-1.803474	0.521017	-5.254584	-6.247527	-6.788478	-7.302737	-3.219811	-4.191430	-2.359605	-5.115808	-5.644402	0.000000	0.000000	0.000000	0.000000	0.000000	0.000000	0.000000	0.000000	0.000000	0.000000	0.000000	0.000000	0.000000	1791490879.416220	0.000000
219.000000	-4.168877	-4.273908	-3.515196	-3.468579	-2.754655	-1.976843	-0.615596	-4.511525	-4.688614	-5.161321	-5.788595	-4.799882	-5.311602	-4.989550	-5.802843	-5.295866	0.000000	0.000000	0.000000	0.000000	0.000000	0.000000	0.000000	0.000000	0.000000	0.000000	0.000000	0.000000	0.000000	1791490879.416229	0.000000
220.000000	-2.980381	-0.336280	-0.224257	-0.561598	-0.312155	-0.930914	-1.273277	-1.142198	-0.339863	-0.362079	-0.655817	-3.485348	-3.171557	-4.683753	-3.088679	-1.735515	0.000000	0.000000	0.000000	0.000000	0.000000	0.000000	0.000000	0.000000	0.000000	0.000000	0.000000	0.000000	0.000000	1791490879.416239	0.000000
221.000000	0.291091	4.042589	3.496082	2.949046	2.698871	0.967665	-0.896172	3.169018	4.456065	4.929706	5.208963	0.195459	1.216141	-1.401700	1.667204	3.052151	0.000000	0.000000	0.000000	0.000000	0.000000	0.000000	0.000000	0.000000	0.000000	0.000000	0.000000	0.000000	0.000000	1791490879.416249	0.000000
222.000000	3.900730	6.385246	5.444688	4.984619	4.514183	2.632833	0.253229	6.033225	6.946999	7.563139	8.256882	4.090392	5.244235	2.985222	5.775005	6.238021	0.000000	0.000000	0.000000	0.000000	0.000000	0.000000	0.000000	0.000000	0.000000	0.000000	0.000000	0.000000	0.000000	1791490879.416260	0.000000
223.000000	5.586347	5.197131	4.274718	4.144241	3.800283	2.880086	1.278854	5.649767	5.535916	5.791802	6.427237	5.693121	6.277641	5.769683	6.709205	5.810321	0.000000	0.000000	0.000000	0.000000	0.000000	0.000000	0.000000	0.000000	0.000000	0.000000	0.000000	0.000000	0.000000	1791490879.416269	0.000000
224.000000	3.982737	0.915559	0.419344	0.672123	0.623829	1.273660	1.340094	1.924077	0.798360	0.432825	0.542260	3.781453	3.401231	5.102148	3.651894	1.839599	0.000000	0.000000	0.000000	0.000000	0.000000	0.000000	0.000000	0.000000	0.000000	0.000000	0.000000	0.000000	0.000000	1791490879.416279	0.000000
225.000000	-0.335277	-4.177391	-3.988938	-3.501841	-3.336700	-1.405424	0.323533	-3.269917	-4.689042	-5.458784	-5.997454	-0.659454	-1.822287	1.230419	-1.847388	-3.442022	0.000000	0.000000	0.000000	0.000000	0.000000	0.000000	0.000000	0.000000	0.000000	0.000000	0.000000	0.000000	0.000000	1791490879.416289	0.000000
226.000000	-4.949457	-7.138474	-6.277507	-5.805744	-5.638914	-3.498376	-1.027295	-6.972879	-7.719149	-8.316267	-9.164345	-4.918533	-6.185549	-3.550833	-6.603208	-6.874728	0.000000	0.000000	0.000000	0.000000	0.000000	0.000000	0.000000	0.000000	0.000000	0.000000	0.000000	0.000000	0.000000	1791490879.416299	0.000000
227.000000	-6.939853	-6.056500	-4.857570	-4.611654	-4.587873	-3.504913	-1.650444	-6.806274	-6.321608	-6.226107	-6.794632	-6.232550	-6.830816	-6.275499	-7.620826	-6.254884	0.000000	0.000000	0.000000	0.000000	0.000000	0.000000	0.000000	0.000000	0.000000	0.000000	0.000000	0.000000	0.000000	1791490879.416309	0.000000
228.000000	-4.742814	-1.292716	-0.328792	-0.390078	-0.478156	-1.169704	-0.990117	-2.505577	-1.051087	-0.219969	-0.077041	-3.612851	-3.155833	-5.177201	-3.991535	-1.756859	0.000000	0.000000	0.000000	0.000000	0.000000	0.000000	0.000000	0.000000	0.000000	0.000000	0.000000	0.000000	0.000000	1791490879.416318	0.000000
229.000000	0.656744	4.534045	4.697946	4.380945	4.333003	2.166806	0.520743	3.665630	5.144500	6.178954	6.985129	1.397460	2.654440	-0.860807	2.343103	4.023674	0.000000	0.000000	0.000000	0.000000	0.000000	0.000000	0.000000	0.000000	0.000000	0.000000	0.000000	0.000000	0.000000	1791490879.416327	0.000000
230.000000	6.089530	7.950780	7.085228	6.643567	6.750309	4.316756	1.727873	8.050168	8.540391	9.006024	9.947854	5.620465	6.922164	4.019371	7.578566	7.541950	0.000000	0.000000	0.000000	0.000000	0.000000	0.000000	0.000000	0.000000	0.000000	0.000000	0.000000	0.000000	0.000000	1791490879.416337	0.000000
231.000000	8.066711	6.706519	5.138933	4.727657	4.945568	3.695954	1.621807	7.766677	6.882029	6.327759	6.743854	6.286372	6.839265	6.416499	8.334045	6.483081	0.000000	0.000000	0.000000	0.000000	0.000000	0.000000	0.000000	0.000000	0.000000	0.000000	0.000000	0.000000	0.000000	1791490879.416346	0.000000
232.000000	5.051858	1.281950	-0.176874	-0.409992	-0.260657	0.507965	0.162997	2.632435	0.907228	-0.411770	-0.852795	2.894538	2.361715	4.834875	3.867959	1.309452	0.000000	0.000000	0.000000	0.000000	0.000000	0.000000	0.000000	0.000000	0.000000	0.000000	0.000000	0.000000	0.000000	1791490879.416356	0.000000
233.000000	-1.358134	-5.196722	-5.657867	-5.595919	-5.681648	-3.229285	-1.594645	-4.461989	-5.899357	-7.121644	-8.164494	-2.382499	-3.668662	0.294930	-3.250231	-4.872414	0.000000	0.000000	0.000000	0.000000	0.000000	0.000000	0.000000	0.000000	0.000000	0.000000	0.000000	0.000000	0.000000	1791490879.416379	0.000000
234.000000	-7.245047	-8.742932	-7.784715	-7.386274	-7.705793	-4.953219	-2.242353	-9.151890	-9.323182	-9.543067	-10.491391	-6.085856	-7.332068	-4.321652	-8.591417	-8.162807	0.000000	0.000000	0.000000	0.000000	0.000000	0.000000	0.000000	0.000000	0.000000	0.000000	0.000000	0.000000	0.000000	1791490879.416395	0.000000
235.000000	-8.790882	-6.988040	-5.003558	-4.364206	-4.721031	-3.328429	-1.110790	-8.309942	-7.053522	-5.977871	-6.160609	-5.765005	-6.215495	-6.128228	-8.643127	-6.346410	0.000000	0.000000	0.000000	0.000000	0.000000	0.000000	0.000000	0.000000	0.000000	0.000000	0.000000	0.000000	0.000000	1791490879.416413	0.000000
236.000000	-4.794211	-0.794560	1.130355	1.751900	1.616725	0.712995	1.112393	-2.167908	-0.272486	1.497985	2.252811	-1.641358	-1.048544	-4.079113	-3.157205	-0.411209	0.000000	0.000000	0.000000	0.000000	0.000000	0.000000	0.000000	0.000000	0.000000	0.000000	0.000000	0.000000	0.000000	1791490879.416423	0.000000
237.000000	2.401849	6.112382	6.790270	7.045801	7.257280	4.470737	2.775749	5.610808	6.909031	8.213371	9.431191	3.510912	4.743699	0.399918	4.521955	5.947786	0.000000	0.000000	0.000000	0.000000	0.000000	0.000000	0.000000	0.000000	0.000000	0.000000	0.000000	0.000000	0.000000	1791490879.416432	0.000000
238.000000	8.279086	9.386563	8.268670	7.903679	8.345073	5.273103	2.458904	10.110823	9.942304	9.824224	10.682689	6.221273	7.312709	4.391827	9.486461	8.623944	0.000000	0.000000	0.000000	0.000000	0.000000	0.000000	0.000000	0.000000	0.000000	0.000000	0.000000	0.000000	0.000000	1791490879.416442	0.000000
239.000000	9.012357	6.824233	4.422709	3.482493	3.864753	2.376745	0.116763	8.304859	6.750169	5.146658	5.032476	4.676409	4.972191	5.408520	8.426982	5.769933	0.000000	0.000000	0.000000	0.000000	0.000000	0.000000	0.000000	0.000000	0.000000	0.000000	0.000000	0.000000	0.000000	1791490879.416452	0.000000
240.000000	3.996168	-0.126001	-2.449461	-3.542170	-3.478930	-2.381807	-2.717044	1.127043	-0.823595	-2.961238	-4.015609	-0.034076	-0.656609	2.975650	1.874698	-0.905025	0.000000	0.000000	0.000000	0.000000	0.000000	0.000000	0.000000	0.000000	0.000000	0.000000	0.000000	0.000000	0.000000	1791490879.416461	0.000000
241.000000	-3.660298	-7.155478	-7.966436	-8.573927	-8.873580	-5.729560	-3.918274	-6.962399	-8.050616	-9.328568	-10.639033	-4.651479	-5.736922	-1.145026	-6.017040	-7.133766	0.000000	0.000000	0.000000	0.000000	0.000000	0.000000	0.000000	0.000000	0.000000	0.000000	0.000000	0.000000	0.000000	1791490879.416471	0.000000
242.000000	-9.066997	-9.776264	-8.463026	-8.097916	-8.554664	-5.193901	-2.321128	-10.760136	-10.278731	-9.775776	-10.453009	-5.981754	-6.822497	-4.201676	-10.106887	-8.819348	0.000000	0.000000	0.000000	0.000000	0.000000	0.000000	0.000000	0.000000	0.000000	0.000000	0.000000	0.000000	0.000000	1791490879.416480	0.000000
243.000000	-8.706647	-6.213727	-3.436115	-2.124604	-2.428943	-0.906986	1.283623	-7.703288	-5.954828	-3.875035	-3.429357	-3.103920	-3.208167	-4.298413	-7.640700	-4.745533	0.000000	0.000000	0.000000	0.000000	0.000000	0.000000	0.000000	0.000000	0.000000	0.000000	0.000000	0.000000	0.000000	1791490879.416489	0.000000
244.000000	-2.754763	1.372151	4.004198	5.621413	5.663074	4.328967	4.502422	0.371739	2.273603	4.668388	5.976929	1.974506	2.585427	-1.598971	-0.133190	2.534938	0.000000	0.000000	0.000000	0.000000	0.000000	0.000000	0.000000	0.000000	0.000000	0.000000	0.000000	0.000000	0.000000	1791490879.416499	0.000000
245.000000	4.981160	8.185947	9.055256	10.017048	10.349070	6.859120	4.914699	8.316051	9.166718	10.335089	11.649617	5.685525	6.535859	1.888343	7.543517	8.285786	0.000000	0.000000	0.000000	0.000000	0.000000	0.000000	0.000000	0.000000	0.000000	0.000000	0.000000	0.000000	0.000000	1791490879.416508	0.000000
246.000000	9.505931	9.839846	8.327845	7.921480	8.288268	4.700621	1.836680	10.966887	10.240082	9.361253	9.792338	5.372362	5.885893	3.753079	10.325871	8.668831	0.000000	0.000000	0.000000	0.000000	0.000000	0.000000	0.000000	0.000000	0.000000	0.000000	0.000000	0.000000	0.000000	1791490879.416517	0.000000
247.000000	7.889959	5.201247	2.123108	0.392322	0.532247	-0.957020	-2.984013	6.534966	4.705322	2.246239	1.473010	1.169612	1.063156	2.843913	6.317012	3.314627	0.000000	0.000000	0.000000	0.000000	0.000000	0.000000	0.000000	0.000000	0.000000	0.000000	0.000000	0.000000	0.000000	1791490879.416527	0.000000
248.000000	1.194700	-2.817453	-5.652972	-7.813839	-7.974789	-6.384543	-6.344963	-2.162242	-3.939616	-6.478381	-7.976798	-4.027897	-4.581467	0.008181	-1.902363	-4.346316	0.000000	0.000000	0.000000	0.000000	0.000000	0.000000	0.000000	0.000000	0.000000	0.000000	0.000000	0.000000	0.000000	1791490879.416536	0.000000
249.000000	-6.213028	-9.084396	-9.952653	-11.248695	-11.548951	-7.759458	-5.702811	-9.486059	-10.116158	-11.132296	-12.378031	-6.530089	-7.068430	-2.584719	-8.925186	-9.273812	0.000000	0.000000	0.000000	0.000000	0.000000	0.000000	0.000000	0.000000	0.000000	0.000000	0.000000	0.000000	0.000000	1791490879.416546	0.000000
250.000000	-9.519077	-9.543679	-7.867097	-7.380264	-7.557243	-3.824173	-1.034885	-10.650721	-9.776490	-8.585396	-8.742755	-4.427612	-4.559307	-3.037144	-10.078093	-8.133379	0.000000	0.000000	0.000000	0.000000	0.000000	0.000000	0.000000	0.000000	0.000000	0.000000	0.000000	0.000000	0.000000	1791490879.416555	0.000000
251.000000	-6.612613	-3.855020	-0.586336	1.587207	1.682589	3.078688	4.885633	-4.877226	-3.072821	-0.359859	0.706172	1.000577	1.311804	-1.090825	-4.540732	-1.552974	0.000000	0.000000	0.000000	0.000000	0.000000	0.000000	0.000000	0.000000	0.000000	0.000000	0.000000	0.000000	0.000000	1791490879.416565	0.000000
252.000000	0.545476	4.347807	7.276271	9.965374	10.242209	8.397365	8.134781	4.067876	5.685320	8.273357	9.892850	6.060435	6.494894	1.707267	4.064332	6.207002	0.000000	0.000000	0.000000	0.000000	0.000000	0.000000	0.000000	0.000000	0.000000	0.000000	0.000000	0.000000	0.000000	1791490879.416574	0.000000
253.000000	7.233059	9.774432	10.610204	12.194175	12.388622	8.362445	6.227563	10.328117	10.798836	11.668332	12.792119	7.129804	7.286344	3.157150	10.035052	10.007109	0.000000	0.000000	0.000000	0.000000	0.000000	0.000000	0.000000	0.000000	0.000000	0.000000	0.000000	0.000000	0.000000	1791490879.416584	0.000000
254.000000	9.084937	8.894316	7.125738	6.517261	6.410305	2.617408	-0.051063	9.803632	8.893166	7.489434	7.372036	3.198414	2.927239	2.050986	9.364135	7.225919	0.000000	0.000000	0.000000	0.000000	0.000000	0.000000	0.000000	0.000000	0.000000	0.000000	0.000000	0.000000	0.000000	1791490879.416593	0.000000
255.000000	4.957509	2.244273	-1.086824	-3.700495	-4.081458	-5.326405	-6.888969	2.853146	1.153742	-1.693065	-2.999013	-3.293236	-3.761224	-0.880191	2.426316	-0.442068	0.000000	0.000000	0.000000	0.000000	0.000000	0.000000	0.000000	0.000000	0.000000	0.000000	0.000000	0.000000	0.000000	1791490879.416603	0.000000
0.000000	-2.348055	-5.886388	-8.810281	-11.971086	-12.335829	-10.239711	-9.765101	-5.937872	-7.401831	-9.980126	-11.646025	-7.968453	-8.202040	-3.433846	-6.219923	-8.013736	0.000000	0.000000	0.000000	0.000000	0.000000	0.000000	0.000000	0.000000	0.000000	0.000000	0.000000	0.000000	0.000000	1791490879.416612	0.000000
1.000000	-7.970941	-10.216953	-11.016276	-12.810069	-12.811796	-8.613617	-6.433738	-10.777546	-11.172048	-11.928425	-12.881125	-7.444253	-7.168211	-3.528870	-10.817183	-10.449060	0.000000	0.000000	0.000000	0.000000	0.000000	0.000000	0.000000	0.000000	0.000000	0.000000	0.000000	0.000000	0.000000	1791490879.416622	0.000000
2.000000	-8.223558	-7.908534	-6.136601	-5.363639	-4.888773	-1.127725	1.391960	-8.487655	-7.638552	-6.116826	-5.736195	-1.725479	-1.075377	-0.801527	-8.231241	-5.994061	0.000000	0.000000	0.000000	0.000000	0.000000	0.000000	0.000000	0.000000	0.000000	0.000000	0.000000	0.000000	0.000000	1791490879.416631	0.000000
3.000000	-3.021476	-0.434143	2.837762	5.859004	6.544237	7.571515	8.887980	-0.600333	0.949375	3.838029	5.312192	5.606834	6.144182	2.976314	-0.079528	2.576607	0.000000	0.000000	0.000000	0.000000	0.000000	0.000000	0.000000	0.000000	0.000000	0.000000	0.000000	0.000000	0.000000	1791490879.416641	0.000000
4.000000	4.099777	7.353585	10.194242	13.729201	14.119081	11.771235	11.108410	7.657816	9.001293	11.532919	13.153938	9.646720	9.587829	5.041575	8.275233	9.687248	0.000000	0.000000	0.000000	0.000000	0.000000	0.000000	0.000000	0.000000	0.000000	0.000000	0.000000	0.000000	0.000000	1791490879.416651	0.000000
5.000000	8.374979	10.371780	11.142405	13.042509	12.753055	8.452122	6.255698	10.823723	11.220713	11.894789	12.624142	7.433432	6.695617	3.613354	11.243512	10.583346	0.000000	0.000000	0.000000	0.000000	0.000000	0.000000	0.000000	0.000000	0.000000	0.000000	0.000000	0.000000	0.000000	1791490879.416660	0.000000
6.000000	6.992720	6.626685	4.933053	3.955996	3.054912	-0.574169	-2.935926	6.808672	6.084540	4.515826	3.897421	0.065781	-0.901868	-0.690855	6.734710	4.496576	0.000000	0.000000	0.000000	0.000000	0.000000	0.000000	0.000000	0.000000	0.000000	0.000000	0.000000	0.000000	0.000000	1791490879.416670	0.000000
7.000000	0.944246	-1.469358	-4.581057	-7.951738	-8.911710	-9.650154	-10.738117	-1.725700	-3.118976	-5.983213	-7.532313	-7.823832	-8.310811	-5.073763	-2.388343	-4.748914	0.000000	0.000000	0.000000	0.000000	0.000000	0.000000	0.000000	0.000000	0.000000	0.000000	0.000000	0.000000	0.000000	1791490879.416679	0.000000
8.000000	-5.677319	-8.652678	-11.348830	-15.129760	-15.446829	-12.849060	-12.026887	-9.130419	-10.397163	-12.854601	-14.326248	-10.999546	-10.545824	-6.381341	-10.129715	-11.145584	0.000000	0.000000	0.000000	0.000000	0.000000	0.000000	0.000000	0.000000	0.000000	0.000000	0.000000	0.000000	0.000000	1791490879.416689	0.000000
9.000000	-8.434141	-10.229507	-10.979500	-12.864859	-12.191743	-7.861873	-5.663144	-10.500663	-10.951411	-11.561468	-12.020461	-7.091694	-5.878095	-3.339123	-11.294752	-10.403962	0.000000	0.000000	0.000000	0.000000	0.000000	0.000000	0.000000	0.000000	0.000000	0.000000	0.000000	0.000000	0.000000	1791490879.416698	0.000000
10.000000	-5.504574	-5.138179	-3.587691	-2.372942	-1.031239	2.366558	4.585198	-4.911984	-4.330574	-2.760471	-1.948474	1.692719	2.887262	2.367880	-4.958020	-2.812090	0.000000	0.000000	0.000000	0.000000	0.000000	0.000000	0.000000	0.000000	0.000000	0.000000	0.000000	0.000000	0.000000	1791490879.416707	0.000000
11.000000	1.121547	3.343749	6.217163	9.855029	11.010801	11.396913	12.289171	3.967776	5.228333	8.025074	9.541407	9.826653	10.121315	7.024450	4.841551	6.844903	0.000000	0.000000	0.000000	0.000000	0.000000	0.000000	0.000000	0.000000	0.000000	0.000000	0.000000	0.000000	0.000000	1791490879.416717	0.000000
12.000000	6.993268	9.714488	12.221663	16.098603	16.226164	13.386546	12.426142	10.289869	11.518836	13.883734	15.106616	11.964717	11.012066	7.317267	11.684068	12.313119	0.000000	0.000000	0.000000	0.000000	0.000000	0.000000	0.000000	0.000000	0.000000	0.000000	0.000000	0.000000	0.000000	1791490879.416727	0.000000
13.000000	8.178547	9.816800	10.556630	12.305140	11.180605	6.891232	4.677266	9.871633	10.394631	10.948818	11.111202	6.456614	4.766879	2.673415	10.974710	9.923361	0.000000	0.000000	0.000000	0.000000	0.000000	0.000000	0.000000	0.000000	0.000000	0.000000	0.000000	0.000000	0.000000	1791490879.416736	0.000000
14.000000	3.881681	3.543792	2.186691	0.718506	-1.029117	-4.109902	-6.224022	2.948271	2.490896	0.938616	-0.007875	-3.439203	-4.756933	-4.136549	3.013101	1.037600	0.000000	0.000000	0.000000	0.000000	0.000000	0.000000	0.000000	0.000000	0.000000	0.000000	0.000000	0.000000	0.000000	1791490879.416745	0.000000
15.000000	-3.038577	-5.077299	-7.659768	-11.465135	-12.700637	-12.682686	-13.409238	-5.976834	-7.146431	-9.861126	-11.245073	-11.507156	-11.466688	-8.667818	-7.121356	-8.738479	0.000000	0.000000	0.000000	0.000000	0.000000	0.000000	0.000000	0.000000	0.000000	0.000000	0.000000	0.000000	0.000000	1791490879.416754	0.000000
16.000000	-7.979361	-10.481677	-12.777048	-16.598911	-16.421682	-13.349811	-12.245174	-11.077086	-12.299760	-14.564335	-15.463798	-12.507663	-10.963804	-7.729119	-12.833077	-13.114949	0.000000	0.000000	0.000000	0.000000	0.000000	0.000000	0.000000	0.000000	0.000000	0.000000	0.000000	0.000000	0.000000	1791490879.416764	0.000000
17.000000	-7.650173	-9.163336	-9.907458	-11.410030	-9.803598	-5.616324	-3.351791	-9.005604	-9.595439	-10.084995	-9.943126	-5.586659	-3.436438	-1.625833	-10.309713	-9.173419	0.000000	0.000000	0.000000	0.000000	0.000000	0.000000	0.000000	0.000000	0.000000	0.000000	0.000000	0.000000	0.000000	1791490879.416773	0.000000
18.000000	-2.246989	-1.942246	-0.812600	0.911827	2.985976	5.675343	7.715915	-1.071438	-0.696779	0.849780	1.873896	5.062150	6.392429	5.856157	-1.048077	0.704031	0.000000	0.000000	0.000000	0.000000	0.000000	0.000000	0.000000	0.000000	0.000000	0.000000	0.000000	0.000000	0.000000	1791490879.416783	0.000000
19.000000	4.684214	6.561662	8.826379	12.697023	13.875745	13.411315	13.970856	7.615663	8.743468	11.382134	12.551938	12.770252	12.264517	9.829115	9.058223	10.299685	0.000000	0.000000	0.000000	0.000000	0.000000	0.000000	0.000000	0.000000	0.000000	0.000000	0.000000	0.000000	0.000000	1791490879.416792	0.000000
20.000000	8.589438	10.901789	12.982400	16.604577	16.024650	12.733711	11.455094	11.457776	12.697244	14.850238	15.371117	12.605455	10.408721	7.535115	13.499621	13.502981	0.000000	0.000000	0.000000	0.000000	0.000000	0.000000	0.000000	0.000000	0.000000	0.000000	0.000000	0.000000	0.000000	1791490879.416802	0.000000
21.000000	6.900855	8.303156	9.068398	10.223568	8.148830	4.122386	1.781049	7.980858	8.619004	9.015558	8.573620	4.542040	1.979196	0.271665	9.358738	8.215145	0.000000	0.000000	0.000000	0.000000	0.000000	0.000000	0.000000	0.000000	0.000000	0.000000	0.000000	0.000000	0.000000	1791490879.416811	0.000000
22.000000	0.711490	0.430965	-0.454178	-2.434060	-4.713891	-6.944287	-8.903952	-0.589256	-0.929423	-2.501695	-3.546446	-6.457614	-7.679010	-7.342919	-0.787206	-2.289904	0.000000	0.000000	0.000000	0.000000	0.000000	0.000000	0.000000	0.000000	0.000000	0.000000	0.000000	0.000000	0.000000	1791490879.416821	0.000000
23.000000	-5.959858	-7.699950	-9.647148	-13.480699	-14.458629	-13.513835	-13.867326	-8.787612	-9.921535	-12.498562	-13.385755	-13.536960	-12.461798	-10.351862	-10.509906	-11.427949	0.000000	0.000000	0.000000	0.000000	0.000000	0.000000	0.000000	0.000000	0.000000	0.000000	0.000000	0.000000	0.000000	1791490879.416831	0.000000
24.000000	-8.804941	-10.947688	-12.829996	-16.109447	-15.065462	-11.577979	-10.089853	-11.429620	-12.703331	-14.727909	-14.837384	-12.261743	-9.405098	-6.734761	-13.647793	-13.469109	0.000000	0.000000	0.000000	0.000000	0.000000	0.000000	0.000000	0.000000	0.000000	0.000000	0.000000	0.000000	0.000000	1791490879.416840	0.000000
25.000000	-6.013822	-7.306115	-8.105866	-8.817163	-6.343262	-2.542662	-0.129814	-6.896626	-7.557360	-7.816117	-7.096990	-3.413086	-0.533232	1.220659	-8.227466	-7.143538	0.000000	0.000000	0.000000	0.000000	0.000000	0.000000	0.000000	0.000000	0.000000	0.000000	0.000000	0.000000	0.000000	1791490879.416849	0.000000
26.000000	0.595674	0.870934	1.520006	3.744699	6.078942	7.787444	9.615954	1.901281	2.260013	3.906241	4.913397	7.512867	8.502563	8.389903	2.319572	3.589776	0.000000	0.000000	0.000000	0.000000	0.000000	0.000000	0.000000	0.000000	0.000000	0.000000	0.000000	0.000000	0.000000	1791490879.416859	0.000000
27.000000	6.796494	8.421040	10.079384	13.765359	14.418501	12.977428	13.065456	9.436816	10.619163	13.152698	13.709258	13.764289	12.066764	10.163237	11.378080	12.062168	0.000000	0.000000	0.000000	0.000000	0.000000	0.000000	0.000000	0.000000	0.000000	0.000000	0.000000	0.000000	0.000000	1791490879.416868	0.000000
28.000000	8.681903	10.661033	12.370504	15.169766	13.654357	10.012941	8.294192	11.070014	12.377277	14.243438	13.940303	11.546318	8.089329	5.454218	13.340711	13.074501	0.000000	0.000000	0.000000	0.000000	0.000000	0.000000	0.000000	0.000000	0.000000	0.000000	0.000000	0.000000	0.000000	1791490879.416878	0.000000
29.000000	5.127970	6.298676	7.129329	7.321785	4.562324	1.057431	-1.389816	5.904336	6.546242	6.603908	5.651765	2.333392	-0.735274	-2.625429	7.088229	6.094892	0.000000	0.000000	0.000000	0.000000	0.000000	0.000000	0.000000	0.000000	0.000000	0.000000	0.000000	0.000000	0.000000	1791490879.416887	0.000000
30.000000	-1.564233	-1.848377	-2.298001	-4.734727	-6.971224	-8.111883	-9.738844	-2.762806	-3.186608	-4.962631	-5.881489	-8.132903	-8.791124	-8.848992	-3.407365	-4.496757	0.000000	0.000000	0.000000	0.000000	0.000000	0.000000	0.000000	0.000000	0.000000	0.000000	0.000000	0.000000	0.000000	1791490879.416897	0.000000
31.000000	-7.194020	-8.706654	-10.120373	-13.545124	-13.790579	-11.865278	-11.635325	-9.587559	-10.832795	-13.332450	-13.544629	-13.467217	-11.154297	-9.303838	-11.655085	-12.199885	0.000000	0.000000	0.000000	0.000000	0.000000	0.000000	0.000000	0.000000	0.000000	0.000000	0.000000	0.000000	0.000000	1791490879.417002	0.000000
32.000000	-8.322956	-10.133186	-11.685838	-13.887510	-11.942115	-8.209181	-6.263671	-10.502508	-11.818053	-13.480024	-12.798540	-10.570991	-6.627483	-3.887433	-12.698666	-12.416240	0.000000	0.000000	0.000000	0.000000	0.000000	0.000000	0.000000	0.000000	0.000000	0.000000	0.000000	0.000000	0.000000	1791490879.417023	0.000000
33.000000	-4.371001	-5.415520	-6.249097	-5.876643	-2.963064	0.178750	2.602917	-5.131962	-5.714383	-5.498077	-4.365453	-1.428993	1.689128	3.742920	-6.095921	-5.194295	0.000000	0.000000	0.000000	0.000000	0.000000	0.000000	0.000000	0.000000	0.000000	0.000000	0.000000	0.000000	0.000000	1791490879.417033	0.000000
34.000000	2.128673	2.420915	2.724220	5.321807	7.333737	7.886339	9.242873	3.128722	3.640107	5.597597	6.401723	8.266695	8.532747	8.660750	3.968103	4.942980	0.000000	0.000000	0.000000	0.000000	0.000000	0.000000	0.000000	0.000000	0.000000	0.000000	0.000000	0.000000	0.000000	1791490879.417043	0.000000
35.000000	7.189501	8.586673	9.794916	12.847494	12.649061	10.286733	9.710134	9.301702	10.597443	13.057729	12.947879	12.702950	9.841519	7.892771	11.382506	11.873622	0.000000	0.000000	0.000000	0.000000	0.000000	0.000000	0.000000	0.000000	0.000000	0.000000	0.000000	0.000000	0.000000	1791490879.417053	0.000000
36.000000	7.837363	9.476172	10.868168	12.376582	10.075024	6.335259	4.197551	9.847529	11.134784	12.532661	11.527841	9.456832	5.176748	2.240232	11.853421	11.600920	0.000000	0.000000	0.000000	0.000000	0.000000	0.000000	0.000000	0.000000	0.000000	0.000000	0.000000	0.000000	0.000000	1791490879.417062	0.000000
37.000000	3.844653	4.762484	5.554512	4.600041	1.659430	-1.059166	-3.387215	4.671725	5.162968	4.599472	3.332339	0.794950	-2.246774	-4.431318	5.375730	4.543209	0.000000	0.000000	0.000000	0.000000	0.000000	0.000000	0.000000	0.000000	0.000000	0.000000	0.000000	0.000000	0.000000	1791490879.417074	0.000000
38.000000	-2.268148	-2.568385	-2.779833	-5.467295	-7.164834	-7.143474	-8.174089	-3.003053	-3.603605	-5.778926	-6.467061	-7.917402	-7.781848	-7.850375	-3.977259	-4.910806	0.000000	0.000000	0.000000	0.000000	0.000000	0.000000	0.000000	0.000000	0.000000	0.000000	0.000000	0.000000	0.000000	1791490879.417094	0.000000
39.000000	-6.856739	-8.140120	-9.170578	-11.743065	-11.108735	-8.395534	-7.478698	-8.680034	-9.996078	-12.393483	-12.008845	-11.575642	-8.282163	-6.106767	-10.658040	-11.167882	0.000000	0.000000	0.000000	0.000000	0.000000	0.000000	0.000000	0.000000	0.000000	0.000000	0.000000	0.000000	0.000000	1791490879.417110	0.000000
40.000000	-7.335746	-8.806468	-10.020194	-10.768050	-8.206167	-4.560642	-2.296197	-9.227651	-10.447282	-11.516763	-10.254025	-8.335654	-3.879677	-0.713997	-10.950342	-10.749613	0.000000	0.000000	0.000000	0.000000	0.000000	0.000000	0.000000	0.000000	0.000000	0.000000	0.000000	0.000000	0.000000	1791490879.417125	0.000000
41.000000	-3.607248	-4.396573	-5.095507	-3.581799	-0.726914	1.524976	3.680002	-4.565642	-4.944746	-3.974494	-2.612611	-0.486675	2.387785	4.617613	-4.999445	-4.192263	0.000000	0.000000	0.000000	0.000000	0.000000	0.000000	0.000000	0.000000	0.000000	0.000000	0.000000	0.000000	0.000000	1791490879.417135	0.000000
42.000000	2.029180	2.353186	2.524601	5.205160	6.539628	5.992294	6.663518	2.472457	3.153388	5.562086	6.149523	7.164321	6.669950	6.536932	3.507169	4.478286	0.000000	0.000000	0.000000	0.000000	0.000000	0.000000	0.000000	0.000000	0.000000	0.000000	0.000000	0.000000	0.000000	1791490879.417144	0.000000
43.000000	6.315072	7.510157	8.381689	10.376109	9.355554	6.400859	5.176494	7.878411	9.185040	11.484693	10.891272	10.253621	6.673282	4.171871	9.647582	10.234573	0.000000	0.000000	0.000000	0.000000	0.000000	0.000000	0.000000	0.000000	0.000000	0.000000	0.000000	0.000000	0.000000	1791490879.417164	0.000000
44.000000	6.910390	8.224893	9.235662	9.200328	6.489579	3.037533	0.724217	8.736164	9.855261	10.540353	9.097660	7.334102	2.848070	-0.532874	10.107710	9.955463	0.000000	0.000000	0.000000	0.000000	0.000000	0.000000	0.000000	0.000000	0.000000	0.000000	0.000000	0.000000	0.000000	1791490879.417174	0.000000
45.000000	3.638596	4.274647	4.829869	2.830556	0.153341	-1.606074	-3.512218	4.753580	4.999479	3.587183	2.168734	0.477262	-2.182529	-4.333621	4.928661	4.084738	0.000000	0.000000	0.000000	0.000000	0.000000	0.000000	0.000000	0.000000	0.000000	0.000000	0.000000	0.000000	0.000000	1791490879.417184	0.000000
46.000000	-1.535351	-1.937881	-2.113591	-4.670426	-5.636704	-4.627017	-4.910157	-1.710835	-2.472972	-5.106835	-5.624953	-6.176313	-5.403382	-4.912706	-2.727333	-3.812655	0.000000	0.000000	0.000000	0.000000	0.000000	0.000000	0.000000	0.000000	0.000000	0.000000	0.000000	0.000000	0.000000	1791490879.417193	0.000000
47.000000	-5.692280	-6.842908	-7.567689	-8.911795	-7.591287	-4.509435	-3.016347	-7.044919	-8.321366	-10.482838	-9.764896	-8.914326	-5.198410	-2.290266	-8.515095	-9.217333	0.000000	0.000000	0.000000	0.000000	0.000000	0.000000	0.000000	0.000000	0.000000	0.000000	0.000000	0.000000	0.000000	1791490879.417203	0.000000
48.000000	-6.592810	-7.741061	-8.523942	-7.733843	-4.990811	-1.827431	0.445142	-8.380691	-9.364396	-9.626085	-8.085964	-6.498773	-2.103682	1.433430	-9.360653	-9.231282	0.000000	0.000000	0.000000	0.000000	0.000000	0.000000	0.000000	0.000000	0.000000	0.000000	0.000000	0.000000	0.000000	1791490879.417212	0.000000
49.000000	-3.856518	-4.272041	-4.639019	-2.266114	0.169028	1.420165	2.987384	-5.107347	-5.188117	-3.326037	-1.877760	-0.657217	1.775060	3.680283	-5.057731	-4.106827	0.000000	0.000000	0.000000	0.000000	0.000000	0.000000	0.000000	0.000000	0.000000	0.000000	0.000000	0.000000	0.000000	1791490879.417221	0.000000
50.000000	0.913445	1.472162	1.687305	4.002016	4.633515	3.237409	3.100369	0.877027	1.729300	4.558761	5.051597	5.117506	4.165601	3.155539	1.795533	3.059603	0.000000	0.000000	0.000000	0.000000	0.000000	0.000000	0.000000	0.000000	0.000000	0.000000	0.000000	0.000000	0.000000	1791490879.417231	0.000000
51.000000	5.070823	6.203051	6.784439	7.435622	5.924249	2.835811	1.126501	6.260469	7.483241	9.460416	8.700357	7.647625	3.939593	0.582755	7.367347	8.196772	0.000000	0.000000	0.000000	0.000000	0.000000	0.000000	0.000000	0.000000	0.000000	0.000000	0.000000	0.000000	0.000000	1791490879.417240	0.000000
52.000000	6.381417	7.312961	7.839116	6.357989	3.693621	0.905579	-1.218390	8.133051	8.937361	8.747290	7.176543	5.799814	1.591037	-1.993559	8.720240	8.564687	0.000000	0.000000	0.000000	0.000000	0.000000	0.000000	0.000000	0.000000	0.000000	0.000000	0.000000	0.000000	0.000000	1791490879.417250	0.000000
53.000000	4.199459	4.302840	4.443158	1.825823	-0.329520	-1.077126	-2.211195	5.537549	5.417374	3.120296	1.655459	0.933649	-1.278610	-2.752447	5.322022	4.192645	0.000000	0.000000	0.000000	0.000000	0.000000	0.000000	0.000000	0.000000	0.000000	0.000000	0.000000	0.000000	0.000000	1791490879.417259	0.000000
54.000000	-0.238173	-1.017336	-1.290789	-3.252955	-3.610480	-1.920244	-1.343706	-0.057237	-1.001522	-3.972005	-4.479629	-4.061946	-3.028832	-1.361886	-0.810094	-2.290010	0.000000	0.000000	0.000000	0.000000	0.000000	0.000000	0.000000	0.000000	0.000000	0.000000	0.000000	0.000000	0.000000	1791490879.417269	0.000000
55.000000	-4.511558	-5.614245	-6.038660	-5.977214	-4.392124	-1.413262	0.445542	-5.579878	-6.713544	-8.446672	-7.705265	-6.477519	-2.900125	0.904490	-6.303157	-7.232384	0.000000	0.000000	0.000000	0.000000	0.000000	0.000000	0.000000	0.000000	0.000000	0.000000	0.000000	0.000000	0.000000	1791490879.417278	0.000000
56.000000	-6.312432	-6.949396	-7.186361	-5.099068	-2.606426	-0.254090	1.613575	-8.016004	-8.590935	-7.928879	-6.369828	-5.228065	-1.279626	2.216235	-8.251424	-7.999635	0.000000	0.000000	0.000000	0.000000	0.000000	0.000000	0.000000	0.000000	0.000000	0.000000	0.000000	0.000000	0.000000	1791490879.417287	0.000000
57.000000	-4.659328	-4.363800	-4.254716	-1.529396	0.338470	0.617715	1.238943	-6.025908	-5.675051	-2.983971	-1.506971	-1.280565	0.723933	1.586810	-5.708379	-4.345668	0.000000	0.000000	0.000000	0.000000	0.000000	0.000000	0.000000	0.000000	0.000000	0.000000	0.000000	0.000000	0.000000	1791490879.417296	0.000000
58.000000	-0.421050	0.610844	0.936555	2.445571	2.605691	0.723769	-0.296695	-0.676375	0.345605	3.376570	3.924221	3.052406	2.019601	-0.409343	-0.121378	1.566595	0.000000	0.000000	0.000000	0.000000	0.000000	0.000000	0.000000	0.000000	0.000000	0.000000	0.000000	0.000000	0.000000	1791490879.417305	0.000000
59.000000	4.117805	5.146735	5.386970	4.615407	3.057880	0.283126	-1.656687	5.104268	6.096638	7.519820	6.828625	5.453312	2.102728	-2.113707	5.466958	6.429065	0.000000	0.000000	0.000000	0.000000	0.000000	0.000000	0.000000	0.000000	0.000000	0.000000	0.000000	0.000000	0.000000	1791490879.417315	0.000000
60.000000	6.448889	6.705023	6.632669	4.047252	1.781521	-0.115416	-1.632162	8.089261	8.381512	7.245375	5.717479	4.807003	1.174742	-2.081542	8.028482	7.608245	0.000000	0.000000	0.000000	0.000000	0.000000	0.000000	0.000000	0.000000	0.000000	0.000000	0.000000	0.000000	0.000000	1791490879.417324	0.000000
61.000000	5.201095	4.441814	4.092739	1.404947	-0.196430	-0.073243	-0.120948	6.533514	5.940441	2.923696	1.438740	1.670669	-0.135177	-0.223206	6.157592	4.544613	0.000000	0.000000	0.000000	0.000000	0.000000	0.000000	0.000000	0.000000	0.000000	0.000000	0.000000	0.000000	0.000000	1791490879.417334	0.000000
62.000000	0.952760	-0.330066	-0.676113	-1.646417	-1.678613	0.294366	1.749205	1.207186	0.151445	-2.845700	-3.437032	-2.152934	-1.180476	2.076112	0.850655	-0.990073	0.000000	0.000000	0.000000	0.000000	0.000000	0.000000	0.000000	0.000000	0.000000	0.000000	0.000000	0.000000	0.000000	1791490879.417343	0.000000
63.000000	-3.989394	-4.879527	-4.914002	-3.468877	-1.999263	0.509880	2.460416	-4.936604	-5.719639	-6.778778	-6.143213	-4.631447	-1.578942	2.972486	-4.979699	-5.888704	0.000000	0.000000	0.000000	0.000000	0.000000	0.000000	0.000000	0.000000	0.000000	0.000000	0.000000	0.000000	0.000000	1791490879.417352	0.000000
64.000000	-6.802391	-6.596180	-6.230617	-3.286852	-1.258565	0.203618	1.287728	-8.359075	-8.330639	-6.746334	-5.257990	-4.547040	-1.272549	1.581080	-8.054488	-7.416667	0.000000	0.000000	0.000000	0.000000	0.000000	0.000000	0.000000	0.000000	0.000000	0.000000	0.000000	0.000000	0.000000	1791490879.417376	0.000000
65.000000	-5.744895	-4.480969	-3.938400	-1.438402	-0.068273	-0.509126	-1.071410	-6.966252	-6.155414	-2.901627	-1.423456	-2.060885	-0.446687	-1.265385	-6.557733	-4.722302	0.000000	0.000000	0.000000	0.000000	0.000000	0.000000	0.000000	0.000000	0.000000	0.000000	0.000000	0.000000	0.000000	1791490879.417391	0.000000
66.000000	-1.250060	0.254528	0.582792	0.959568	0.905899	-1.073392	-2.929175	-1.416935	-0.397351	2.477124	3.094603	1.433105	0.564979	-3.525984	-1.239389	0.668156	0.000000	0.000000	0.000000	0.000000	0.000000	0.000000	0.000000	0.000000	0.000000	0.000000	0.000000	0.000000	0.000000	1791490879.417401	0.000000
67.000000	4.180551	4.851133	4.686901	2.652467	1.280683	-0.939160	-2.822888	5.124817	5.636354	6.303928	5.715350	4.057638	1.353093	-3.410920	4.898649	5.673673	0.000000	0.000000	0.000000	0.000000	0.000000	0.000000	0.000000	0.000000	0.000000	0.000000	0.000000	0.000000	0.000000	1791490879.417410	0.000000
68.000000	7.334551	6.589703	5.984897	2.851264	1.031056	-0.046267	-0.634106	8.763609	8.408466	6.426327	4.987950	4.428576	1.538690	-0.748604	8.261673	7.390193	0.000000	0.000000	0.000000	0.000000	0.000000	0.000000	0.000000	0.000000	0.000000	0.000000	0.000000	0.000000	0.000000	1791490879.417419	0.000000
69.000000	6.188787	4.404924	3.731991	1.553444	0.376388	1.053484	2.228045	7.202781	6.231602	2.831227	1.386664	2.376313	0.947387	2.758750	6.775885	4.779246	0.000000	0.000000	0.000000	0.000000	0.000000	0.000000	0.000000	0.000000	0.000000	0.000000	0.000000	0.000000	0.000000	1791490879.417428	0.000000
70.000000	1.228458	-0.436916	-0.724308	-0.506821	-0.372275	1.561163	3.756994	1.228870	0.325623	-2.357945	-2.975037	-0.959051	-0.224545	4.641443	1.205818	-0.673086	0.000000	0.000000	0.000000	0.000000	0.000000	0.000000	0.000000	0.000000	0.000000	0.000000	0.000000	0.000000	0.000000	1791490879.417438	0.000000
71.000000	-4.688242	-5.043735	-4.719434	-2.230704	-0.914505	1.026334	2.764272	-5.632135	-5.830360	-6.103122	-5.554237	-3.728745	-1.404504	3.402596	-5.186238	-5.764972	0.000000	0.000000	0.000000	0.000000	0.000000	0.000000	0.000000	0.000000	0.000000	0.000000	0.000000	0.000000	0.000000	1791490879.417447	0.000000
72.000000	-7.956481	-6.614326	-5.846017	-2.696045	-1.025458	-0.275010	-0.221293	-9.183920	-8.534324	-6.212862	-4.841820	-4.381177	-1.894365	-0.333093	-8.533520	-7.442767	0.000000	0.000000	0.000000	0.000000	0.000000	0.000000	0.000000	0.000000	0.000000	0.000000	0.000000	0.000000	0.000000	1791490879.417457	0.000000
73.000000	-6.431248	-4.153040	-3.409156	-1.638391	-0.630364	-1.483858	-3.237559	-7.146787	-6.101385	-2.632656	-1.250130	-2.539451	-1.292897	-4.124707	-6.722943	-4.644970	0.000000	0.000000	0.000000	0.000000	0.000000	0.000000	0.000000	0.000000	0.000000	0.000000	0.000000	0.000000	0.000000	1791490879.417466	0.000000
74.000000	-0.855276	0.876657	1.122429	0.372020	0.121569	-1.745287	-4.199808	-0.651811	0.059427	2.503906	3.102410	0.753493	0.173040	-5.332690	-0.764243	0.998597	0.000000	0.000000	0.000000	0.000000	0.000000	0.000000	0.000000	0.000000	0.000000	0.000000	0.000000	0.000000	0.000000	1791490879.417476	0.000000
75.000000	5.453723	5.401653	4.976162	2.194199	0.862459	-0.827259	-2.349776	6.355114	6.235444	6.121865	5.615639	3.599403	1.679508	-2.962957	5.739049	6.089225	0.000000	0.000000	0.000000	0.000000	0.000000	0.000000	0.000000	0.000000	0.000000	0.000000	0.000000	0.000000	0.000000	1791490879.417485	0.000000
76.000000	8.566579	6.609618	5.756734	2.734280	1.156443	0.679850	1.165596	9.507340	8.639087	6.034508	4.748210	4.330856	2.257936	1.552515	8.762782	7.497020	0.000000	0.000000	0.000000	0.000000	0.000000	0.000000	0.000000	0.000000	0.000000	0.000000	0.000000	0.000000	0.000000	1791490879.417495	0.000000
77.000000	6.401203	3.704652	2.936835	1.602647	0.759050	1.747677	4.016006	6.758081	5.741432	2.272894	0.968601	2.502118	1.427783	5.232779	6.369889	4.295958	0.000000	0.000000	0.000000	0.000000	0.000000	0.000000	0.000000	0.000000	0.000000	0.000000	0.000000	0.000000	0.000000	1791490879.417504	0.000000
78.000000	0.132731	-1.550303	-1.768921	-0.583420	-0.169042	1.627471	4.251695	-0.262721	-0.730872	-2.895662	-3.471410	-0.811448	-0.407260	5.540712	-0.020734	-1.605084	0.000000	0.000000	0.000000	0.000000	0.000000	0.000000	0.000000	0.000000	0.000000	0.000000	0.000000	0.000000	0.000000	1791490879.417514	0.000000
79.000000	-6.407665	-5.881303	-5.418555	-2.492943	-1.078401	0.393751	1.650720	-7.190236	-6.797766	-6.308187	-5.851897	-3.620937	-2.119628	2.146696	-6.450324	-6.575823	0.000000	0.000000	0.000000	0.000000	0.000000	0.000000	0.000000	0.000000	0.000000	0.000000	0.000000	0.000000	0.000000	1791490879.417524	0.000000
80.000000	-9.068941	-6.534656	-5.666265	-2.869789	-1.340368	-1.090992	-2.090595	-9.640274	-8.665912	-5.832934	-4.641303	-4.214647	-2.547188	-2.772677	-8.869379	-7.491614	0.000000	0.000000	0.000000	0.000000	0.000000	0.000000	0.000000	0.000000	0.000000	0.000000	0.000000	0.000000	0.000000	1791490879.417533	0.000000
81.000000	-6.032045	-3.037587	-2.275788	-1.365306	-0.688368	-1.783805	-4.480523	-6.007627	-5.116853	-1.715778	-0.493442	-2.223566	-1.294436	-5.953114	-5.706095	-3.711931	0.000000	0.000000	0.000000	0.000000	0.000000	0.000000	0.000000	0.000000	0.000000	0.000000	0.000000	0.000000	0.000000	1791490879.417543	0.000000
82.000000	0.928007	2.444089	2.657930	1.143145	0.523713	-1.209533	-3.914027	1.455095	1.671643	3.515409	4.072956	1.117523	0.914545	-5.239756	1.086430	2.453389	0.000000	0.000000	0.000000	0.000000	0.000000	0.000000	0.000000	0.000000	0.000000	0.000000	0.000000	0.000000	0.000000	1791490879.417556	0.000000
83.000000	7.456307	6.428532	5.980844	3.032332	1.485414	0.196571	-0.763874	8.019297	7.441570	6.584391	6.185710	3.719265	2.637822	-1.063854	7.217455	7.139391	0.000000	0.000000	0.000000	0.000000	0.000000	0.000000	0.000000	0.000000	0.000000	0.000000	0.000000	0.000000	0.000000	1791490879.417566	0.000000
84.000000	9.347559	6.326145	5.489105	2.973810	1.465460	1.407636	2.869004	9.485734	8.527469	5.521043	4.427913	3.953815	2.662535	3.823386	8.771955	7.350914	0.000000	0.000000	0.000000	0.000000	0.000000	0.000000	0.000000	0.000000	0.000000	0.000000	0.000000	0.000000	0.000000	1791490879.417576	0.000000
85.000000	5.276322	2.133559	1.396682	0.870083	0.365540	1.554246	4.574457	4.895727	4.204344	0.943282	-0.200155	1.697650	0.867927	6.190164	4.730236	2.891273	0.000000	0.000000	0.000000	0.000000	0.000000	0.000000	0.000000	0.000000	0.000000	0.000000	0.000000	0.000000	0.000000	1791490879.417586	0.000000
86.000000	-2.260731	-3.504774	-3.724748	-1.979563	-1.129462	0.554374	3.250000	-2.820941	-2.809696	-4.283255	-4.830389	-1.586689	-1.617637	4.488417	-2.343772	-3.460043	0.000000	0.000000	0.000000	0.000000	0.000000	0.000000	0.000000	0.000000	0.000000	0.000000	0.000000	0.000000	0.000000	1791490879.417595	0.000000
87.000000	-8.467389	-6.955196	-6.553285	-3.668463	-1.967729	-0.834690	-0.180227	-8.711421	-8.054527	-6.835422	-6.501721	-3.794148	-3.123949	-0.122530	-7.921549	-7.675387	0.000000	0.000000	0.000000	0.000000	0.000000	0.000000	0.000000	0.000000	0.000000	0.000000	0.000000	0.000000	0.000000	1791490879.417605	0.000000
88.000000	-9.310028	-5.936040	-5.167997	-2.952430	-1.462434	-1.574831	-3.413987	-8.989756	-8.168600	-5.051987	-4.059424	-3.533223	-2.563357	-4.572922	-8.414782	-7.036831	0.000000	0.000000	0.000000	0.000000	0.000000	0.000000	0.000000	0.000000	0.000000	0.000000	0.000000	0.000000	0.000000	1791490879.417615	0.000000
89.000000	-4.155758	-1.029966	-0.348202	-0.152121	0.170411	-1.107398	-4.326209	-3.487558	-3.053925	-0.021907	1.047481	-1.012671	-0.211045	-5.945503	-3.495879	-1.893788	0.000000	0.000000	0.000000	0.000000	0.000000	0.000000	0.000000	0.000000	0.000000	0.000000	0.000000	0.000000	0.000000	1791490879.417625	0.000000
90.000000	3.748880	4.637727	4.856178	2.961345	1.877985	0.233384	-2.374258	4.230636	4.035010	5.076612	5.622073	2.110336	2.413749	-3.408336	3.673860	4.519633	0.000000	0.000000	0.000000	0.000000	0.000000	0.000000	0.000000	0.000000	0.000000	0.000000	0.000000	0.000000	0.000000	1791490879.417640	0.000000
91.000000	9.320829	7.385878	7.052749	4.284071	2.445557	1.453508	1.079427	9.173891	8.557922	6.987047	6.725098	3.813992	3.526549	1.273988	8.472604	8.118511	0.000000	0.000000	0.000000	0.000000	0.000000	0.000000	0.000000	0.000000	0.000000	0.000000	0.000000	0.000000	0.000000	1791490879.417661	0.000000
92.000000	8.920316	5.366902	4.713413	2.793223	1.346184	1.616205	3.716368	8.161373	7.599232	4.458113	3.566197	3.019252	2.285263	4.968474	7.801551	6.570734	0.000000	0.000000	0.000000	0.000000	0.000000	0.000000	0.000000	0.000000	0.000000	0.000000	0.000000	0.000000	0.000000	1791490879.417676	0.000000
93.000000	2.741716	-0.195396	-0.778069	-0.694204	-0.826789	0.531756	3.819616	1.881652	1.750925	-0.940098	-1.942581	0.272471	-0.590424	5.282668	2.091543	0.805547	0.000000	0.000000	0.000000	0.000000	0.000000	0.000000	0.000000	0.000000	0.000000	0.000000	0.000000	0.000000	0.000000	1791490879.417692	0.000000
94.000000	-5.264496	-5.747595	-5.949393	-3.966166	-2.676660	-1.073383	1.393105	-5.567062	-5.251119	-5.798089	-6.352097	-2.627580	-3.233973	2.127026	-4.970486	-5.547618	0.000000	0.000000	0.000000	0.000000	0.000000	0.000000	0.000000	0.000000	0.000000	0.000000	0.000000	0.000000	0.000000	1791490879.417709	0.000000
95.000000	-9.921398	-7.675897	-7.437748	-4.819909	-2.897345	-2.038403	-1.883914	-9.351590	-8.912051	-7.024373	-6.840474	-3.800086	-3.839878	-2.293405	-8.821014	-8.445815	0.000000	0.000000	0.000000	0.000000	0.000000	0.000000	0.000000	0.000000	0.000000	0.000000	0.000000	0.000000	0.000000	1791490879.417718	0.000000
96.000000	-8.182990	-4.652663	-4.167735	-2.531956	-1.172370	-1.582524	-3.809798	-7.045370	-6.860543	-3.808754	-3.014017	-2.490646	-1.883258	-5.011621	-6.969008	-6.001523	0.000000	0.000000	0.000000	0.000000	0.000000	0.000000	0.000000	0.000000	0.000000	0.000000	0.000000	0.000000	0.000000	1791490879.417728	0.000000
97.000000	-1.135117	1.459775	1.895542	1.579243	1.525906	0.105181	-3.135376	-0.190719	-0.382336	1.851781	2.800076	0.450584	1.464644	-4.295062	-0.608352	0.295738	0.000000	0.000000	0.000000	0.000000	0.000000	0.000000	0.000000	0.000000	0.000000	0.000000	0.000000	0.000000	0.000000	1791490879.417737	0.000000
98.000000	6.680035	6.758166	6.933768	4.914847	3.480659	1.926935	-0.376063	6.727727	6.385213	6.399886	6.975772	3.118746	4.036595	-0.759889	6.151000	6.491209	0.000000	0.000000	0.000000	0.000000	0.000000	0.000000	0.000000	0.000000	0.000000	0.000000	0.000000	0.000000	0.000000	1791490879.417747	0.000000
99.000000	10.197979	7.792063	7.683514	5.242120	3.318165	2.585147	2.567871	9.217472	9.094295	6.956084	6.853460	3.778130	4.067163	3.118618	8.938717	8.650182	0.000000	0.000000	0.000000	0.000000	0.000000	0.000000	0.000000	0.000000	0.000000	0.000000	0.000000	0.000000	0.000000	1791490879.417756	0.000000
100.000000	7.125423	3.810280	3.546797	2.181831	0.954422	1.485790	3.711195	5.700353	5.979873	3.140883	2.433285	1.981086	1.390381	4.727456	5.951043	5.355468	0.000000	0.000000	0.000000	0.000000	0.000000	0.000000	0.000000	0.000000	0.000000	0.000000	0.000000	0.000000	0.000000	1791490879.417766	0.000000
101.000000	-0.556393	-2.703009	-2.958942	-2.450939	-2.242002	-0.781709	2.319843	-1.481823	-0.990463	-2.672037	-3.581612	-1.133717	-2.367632	3.077676	-0.881030	-1.367746	0.000000	0.000000	0.000000	0.000000	0.000000	0.000000	0.000000	0.000000	0.000000	0.000000	0.000000	0.000000	0.000000	1791490879.417775	0.000000
102.000000	-7.871834	-7.585048	-7.742444	-5.731425	-4.242326	-2.755796	-0.616685	-7.624963	-7.363539	-6.841728	-7.448233	-3.563097	-4.778401	-0.584172	-7.142136	-7.303477	0.000000	0.000000	0.000000	0.000000	0.000000	0.000000	0.000000	0.000000	0.000000	0.000000	0.000000	0.000000	0.000000	1791490879.417785	0.000000
103.000000	-10.087968	-7.668398	-7.726528	-5.485626	-3.649998	-3.047119	-3.083150	-8.749834	-9.054392	-6.752183	-6.726825	-3.725295	-4.181591	-3.695324	-8.791647	-8.697275	0.000000	0.000000	0.000000	0.000000	0.000000	0.000000	0.000000	0.000000	0.000000	0.000000	0.000000	0.000000	0.000000	1791490879.417794	0.000000
104.000000	-5.792545	-2.844814	-2.835620	-1.734042	-0.666355	-1.303909	-3.417246	-4.186995	-4.970677	-2.459211	-1.826709	-1.483902	-0.818124	-4.157479	-4.775841	-4.634548	0.000000	0.000000	0.000000	0.000000	0.000000	0.000000	0.000000	0.000000	0.000000	0.000000	0.000000	0.000000	0.000000	1791490879.417804	0.000000
105.000000	2.202257	3.835947	3.909850	3.245592	2.936617	1.468253	-1.426671	3.026958	2.285625	3.351327	4.231906	1.751887	3.244647	-1.745941	2.299729	2.365615	0.000000	0.000000	0.000000	0.000000	0.000000	0.000000	0.000000	0.000000	0.000000	0.000000	0.000000	0.000000	0.000000	1791490879.417813	0.000000
106.000000	8.713661	8.114917	8.280443	6.321281	4.879808	3.493250	1.506219	8.176109	8.090157	7.061290	7.698941	3.919291	5.393941	1.796414	7.868064	7.924943	0.000000	0.000000	0.000000	0.000000	0.000000	0.000000	0.000000	0.000000	0.000000	0.000000	0.000000	0.000000	0.000000	1791490879.417822	0.000000
107.000000	9.568737	7.261952	7.513834	5.498327	3.831344	3.371265	3.384832	7.957566	8.759018	6.390415	6.434272	3.617553	4.158026	4.003627	8.359263	8.558027	0.000000	0.000000	0.000000	0.000000	0.000000	0.000000	0.000000	0.000000	0.000000	0.000000	0.000000	0.000000	0.000000	1791490879.417832	0.000000
108.000000	4.290243	1.825397	2.069884	1.218926	0.315057	1.039150	2.954494	2.603372	3.892359	1.802614	1.233960	1.007467	0.204209	3.385845	3.495794	3.863095	0.000000	0.000000	0.000000	0.000000	0.000000	0.000000	0.000000	0.000000	0.000000	0.000000	0.000000	0.000000	0.000000	1791490879.417841	0.000000
109.000000	-3.649873	-4.735324	-4.657951	-3.881039	-3.545267	-2.111717	0.533399	-4.334334	-3.398293	-3.823706	-4.682833	-2.279210	-4.024301	0.421089	-3.557787	-3.231084	0.000000	0.000000	0.000000	0.000000	0.000000	0.000000	0.000000	0.000000	0.000000	0.000000	0.000000	0.000000	0.000000	1791490879.417851	0.000000
110.000000	-9.132595	-8.279571	-8.486460	-6.620950	-5.326271	-4.079086	-2.227508	-8.349212	-8.500732	-7.024288	-7.689747	-4.166766	-5.833224	-2.811176	-8.267703	-8.310559	0.000000	0.000000	0.000000	0.000000	0.000000	0.000000	0.000000	0.000000	0.000000	0.000000	0.000000	0.000000	0.000000	1791490879.417861	0.000000
111.000000	-8.709324	-6.620463	-7.068373	-5.283290	-3.843056	-3.534964	-3.471704	-6.914106	-8.236549	-5.899646	-5.995540	-3.449665	-4.002570	-4.075187	-7.658927	-8.238443	0.000000	0.000000	0.000000	0.000000	0.000000	0.000000	0.000000	0.000000	0.000000	0.000000	0.000000	0.000000	0.000000	1791490879.417870	0.000000
112.000000	-2.771573	-0.872188	-1.334203	-0.696441	0.063181	-0.718399	-2.380308	-1.066922	-2.839707	-1.238969	-0.712071	-0.558837	0.399172	-2.504905	-2.196397	-3.093526	0.000000	0.000000	0.000000	0.000000	0.000000	0.000000	0.000000	0.000000	0.000000	0.000000	0.000000	0.000000	0.000000	1791490879.417880	0.000000
113.000000	4.791469	5.317600	5.136260	4.294240	4.011707	2.662718	0.297575	5.341694	4.250552	4.044564	4.889804	2.705556	4.651450	0.819437	4.570898	3.912751	0.000000	0.000000	0.000000	0.000000	0.000000	0.000000	0.000000	0.000000	0.000000	0.000000	0.000000	0.000000	0.000000	1791490879.417889	0.000000
114.000000	9.156806	8.108452	8.375987	6.618464	5.554017	4.483952	2.764922	8.191210	8.602008	6.756367	7.429592	4.303633	6.080653	3.618121	8.330450	8.458995	0.000000	0.000000	0.000000	0.000000	0.000000	0.000000	0.000000	0.000000	0.000000	0.000000	0.000000	0.000000	0.000000	1791490879.417898	0.000000
115.000000	7.651029	5.862333	6.479540	4.890968	3.708208	3.552118	3.382916	5.740042	7.571516	5.361552	5.471993	3.233566	3.749668	3.963290	6.765198	7.791235	0.000000	0.000000	0.000000	0.000000	0.000000	0.000000	0.000000	0.000000	0.000000	0.000000	0.000000	0.000000	0.000000	1791490879.417908	0.000000
116.000000	1.377299	0.092300	0.716938	0.237975	-0.415859	0.384958	1.752773	-0.322397	1.902947	0.838557	0.327669	0.154517	-0.936289	1.584811	0.977667	2.387587	0.000000	0.000000	0.000000	0.000000	0.000000	0.000000	0.000000	0.000000	0.000000	0.000000	0.000000	0.000000	0.000000	1791490879.417917	0.000000
117.000000	-5.596119	-5.574789	-5.333074	-4.453814	-4.300256	-3.087253	-1.037092	-6.047070	-4.820444	-4.018252	-4.839695	-3.030231	-5.095799	-1.941689	-5.294705	-4.394058	0.000000	0.000000	0.000000	0.000000	0.000000	0.000000	0.000000	0.000000	0.000000	0.000000	0.000000	0.000000	0.000000	1791490879.417927	0.000000
118.000000	-8.887809	-7.700274	-8.029240	-6.355048	-5.580112	-4.718078	-3.144242	-7.803907	-8.461402	-6.343773	-6.982419	-4.359484	-6.162680	-4.243737	-8.110283	-8.420624	0.000000	0.000000	0.000000	0.000000	0.000000	0.000000	0.000000	0.000000	0.000000	0.000000	0.000000	0.000000	0.000000	1791490879.417936	0.000000
119.000000	-6.557089	-5.124419	-5.867508	-4.415612	-3.497000	-3.482646	-3.186603	-4.578354	-6.880198	-4.891478	-4.971633	-3.022859	-3.474258	-3.736112	-5.806370	-7.308941	0.000000	0.000000	0.000000	0.000000	0.000000	0.000000	0.000000	0.000000	0.000000	0.000000	0.000000	0.000000	0.000000	1791490879.417946	0.000000
120.000000	-0.225247	0.429811	-0.298691	0.069466	0.660715	-0.113112	-1.137263	1.467585	-1.172997	-0.669759	-0.161920	0.156710	1.332534	-0.688063	0.037382	-1.822511	0.000000	0.000000	0.000000	0.000000	0.000000	0.000000	0.000000	0.000000	0.000000	0.000000	0.000000	0.000000	0.000000	1791490879.417955	0.000000
121.000000	6.068154	5.531597	5.264154	4.345068	4.380577	3.356850	1.672140	6.463301	5.107075	3.774418	4.540983	3.247573	5.343891	2.932055	5.702643	4.670531	0.000000	0.000000	0.000000	0.000000	0.000000	0.000000	0.000000	0.000000	0.000000	0.000000	0.000000	0.000000	0.000000	1791490879.417964	0.000000
122.000000	8.455491	7.179347	7.556477	5.913471	5.466890	4.837108	3.421513	7.315382	8.181220	5.905087	6.454366	4.392679	6.151663	4.733630	7.718217	8.282218	0.000000	0.000000	0.000000	0.000000	0.000000	0.000000	0.000000	0.000000	0.000000	0.000000	0.000000	0.000000	0.000000	1791490879.417974	0.000000
123.000000	5.604400	4.554542	5.370717	3.994101	3.336188	3.438792	2.973258	3.604016	6.311531	4.625485	4.635418	2.916644	3.292069	3.469533	4.978333	6.926468	0.000000	0.000000	0.000000	0.000000	0.000000	0.000000	0.000000	0.000000	0.000000	0.000000	0.000000	0.000000	0.000000	1791490879.417983	0.000000
124.000000	-0.579955	-0.622579	0.152899	-0.128013	-0.696649	-0.010632	0.596551	-2.260822	0.747773	0.794563	0.293143	-0.298617	-1.513367	-0.127149	-0.696321	1.494848	0.000000	0.000000	0.000000	0.000000	0.000000	0.000000	0.000000	0.000000	0.000000	0.000000	0.000000	0.000000	0.000000	1791490879.417993	0.000000
125.000000	-6.248607	-5.242987	-4.973115	-3.983887	-4.257387	-3.478293	-2.206672	-6.629107	-5.132884	-3.369008	-4.036225	-3.361191	-5.418637	-3.783178	-5.800491	-4.753345	0.000000	0.000000	0.000000	0.000000	0.000000	0.000000	0.000000	0.000000	0.000000	0.000000	0.000000	0.000000	0.000000	1791490879.418002	0.000000
126.000000	-8.008410	-6.682520	-7.083634	-5.414071	-5.321822	-4.931699	-3.654124	-6.881051	-7.886289	-5.570103	-5.974765	-4.484190	-6.145327	-5.127967	-7.320696	-8.154646	0.000000	0.000000	0.000000	0.000000	0.000000	0.000000	0.000000	0.000000	0.000000	0.000000	0.000000	0.000000	0.000000	1791490879.418012	0.000000
127.000000	-4.928973	-4.265203	-5.100270	-3.759121	-3.349213	-3.518299	-2.807572	-2.965558	-5.996377	-4.665337	-4.575216	-3.007942	-3.294673	-3.219065	-4.484193	-6.768622	0.000000	0.000000	0.000000	0.000000	0.000000	0.000000	0.000000	0.000000	0.000000	0.000000	0.000000	0.000000	0.000000	1791490879.418021	0.000000
128.000000	1.012473	0.478575	-0.294302	-0.106029	0.480790	-0.044044	-0.164785	2.672065	-0.666659	-1.209032	-0.727106	0.239693	1.462493	0.824443	0.911763	-1.449847	0.000000	0.000000	0.000000	0.000000	0.000000	0.000000	0.000000	0.000000	0.000000	0.000000	0.000000	0.000000	0.000000	1791490879.418031	0.000000
129.000000	6.219224	4.798670	4.542403	3.442715	3.993677	3.499507	2.644739	6.635401	4.967067	2.899355	3.422551	3.417894	5.381070	4.491446	5.668127	4.697404	0.000000	0.000000	0.000000	0.000000	0.000000	0.000000	0.000000	0.000000	0.000000	0.000000	0.000000	0.000000	0.000000	1791490879.418040	0.000000
130.000000	7.646798	6.309949	6.710294	4.974749	5.247455	5.072294	3.867021	6.608891	7.676401	5.434294	5.648386	4.702194	6.218242	5.442888	7.072471	8.123113	0.000000	0.000000	0.000000	0.000000	0.000000	0.000000	0.000000	0.000000	0.000000	0.000000	0.000000	0.000000	0.000000	1791490879.418051	0.000000
131.000000	4.556212	4.274399	5.079031	3.764659	3.578870	3.744583	2.711219	2.678320	5.963756	5.008210	4.798624	3.308518	3.495897	2.997017	4.404852	6.858090	0.000000	0.000000	0.000000	0.000000	0.000000	0.000000	0.000000	0.000000	0.000000	0.000000	0.000000	0.000000	0.000000	1791490879.418061	0.000000
132.000000	-1.137896	-0.078123	0.647304	0.573631	-0.069801	0.233674	-0.151839	-2.786260	0.862690	1.808106	1.360425	-0.042139	-1.242506	-1.402429	-0.740334	1.626815	0.000000	0.000000	0.000000	0.000000	0.000000	0.000000	0.000000	0.000000	0.000000	0.000000	0.000000	0.000000	0.000000	1791490879.418071	0.000000
133.000000	-6.063011	-4.298270	-4.070438	-2.833740	-3.686001	-3.483715	-2.989068	-6.566106	-4.695592	-2.472022	-2.817017	-3.487477	-5.308702	-5.050925	-5.422354	-4.572591	0.000000	0.000000	0.000000	0.000000	0.000000	0.000000	0.000000	0.000000	0.000000	0.000000	0.000000	0.000000	0.000000	1791490879.418080	0.000000
134.000000	-7.381267	-6.080518	-6.457057	-4.649532	-5.281228	-5.275781	-4.058965	-6.481089	-7.559902	-5.496531	-5.490364	-5.042916	-6.383918	-5.657546	-7.019375	-8.178852	0.000000	0.000000	0.000000	0.000000	0.000000	0.000000	0.000000	0.000000	0.000000	0.000000	0.000000	0.000000	0.000000	1791490879.418090	0.000000
135.000000	-4.406954	-4.495278	-5.223233	-3.951447	-3.962676	-4.066556	-2.674915	-2.629154	-6.127271	-5.535456	-5.197062	-3.731316	-3.826505	-2.783201	-4.661677	-7.099766	0.000000	0.000000	0.000000	0.000000	0.000000	0.000000	0.000000	0.000000	0.000000	0.000000	0.000000	0.000000	0.000000	1791490879.418099	0.000000
136.000000	1.059879	-0.453373	-1.090882	-1.149356	-0.423264	-0.476303	0.366616	2.714277	-1.224409	-2.449808	-2.046908	-0.192155	0.951780	1.860821	0.321902	-1.918319	0.000000	0.000000	0.000000	0.000000	0.000000	0.000000	0.000000	0.000000	0.000000	0.000000	0.000000	0.000000	0.000000	1791490879.418108	0.000000
137.000000	5.827603	3.811964	3.621727	2.248535	3.409812	3.483506	3.250444	6.443261	4.370160	2.142878	2.291332	3.606256	5.255409	5.445813	5.151514	4.416275	0.000000	0.000000	0.000000	0.000000	0.000000	0.000000	0.000000	0.000000	0.000000	0.000000	0.000000	0.000000	0.000000	1791490879.418118	0.000000
138.000000	7.170084	5.957544	6.283173	4.424877	5.402374	5.523313	4.226194	6.419429	7.490448	5.684452	5.444924	5.446441	6.611505	5.758219	7.123824	8.257845	0.000000	0.000000	0.000000	0.000000	0.000000	0.000000	0.000000	0.000000	0.000000	0.000000	0.000000	0.000000	0.000000	1791490879.418127	0.000000
139.000000	4.375049	4.800648	5.408761	4.207113	4.391058	4.396343	2.668550	2.690000	6.366268	6.092444	5.623682	4.157234	4.186753	2.568326	5.103929	7.361091	0.000000	0.000000	0.000000	0.000000	0.000000	0.000000	0.000000	0.000000	0.000000	0.000000	0.000000	0.000000	0.000000	1791490879.418137	0.000000
140.000000	-0.885875	0.974695	1.496905	1.700831	0.872161	0.670253	-0.524402	-2.560349	1.629440	3.000181	2.649740	0.367653	-0.692552	-2.210773	0.175805	2.204043	0.000000	0.000000	0.000000	0.000000	0.000000	0.000000	0.000000	0.000000	0.000000	0.000000	0.000000	0.000000	0.000000	1791490879.418146	0.000000
141.000000	-5.553312	-3.397662	-3.237125	-1.742852	-3.214420	-3.535871	-3.449182	-6.285165	-4.032581	-1.930847	-1.874008	-3.774415	-5.249516	-5.681474	-4.922502	-4.253229	0.000000	0.000000	0.000000	0.000000	0.000000	0.000000	0.000000	0.000000	0.000000	0.000000	0.000000	0.000000	0.000000	1791490879.418155	0.000000
142.000000	-6.956479	-5.866937	-6.106873	-4.239709	-5.541270	-5.751443	-4.336803	-6.342778	-7.397232	-5.887050	-5.412689	-5.817693	-6.832245	-5.732523	-7.302607	-8.268162	0.000000	0.000000	0.000000	0.000000	0.000000	0.000000	0.000000	0.000000	0.000000	0.000000	0.000000	0.000000	0.000000	1791490879.418165	0.000000
143.000000	-4.344829	-5.034739	-5.490636	-4.405066	-4.728800	-4.618975	-2.630809	-2.733793	-6.548122	-6.521178	-5.930636	-4.472437	-4.467339	-2.332258	-5.559487	-7.501156	0.000000	0.000000	0.000000	0.000000	0.000000	0.000000	0.000000	0.000000	0.000000	0.000000	0.000000	0.000000	0.000000	1791490879.418175	0.000000
144.000000	0.707115	-1.366508	-1.769751	-2.137110	-1.184950	-0.744071	0.661113	2.410921	-1.979287	-3.371268	-3.086517	-0.438124	0.527613	2.456355	-0.613469	-2.398384	0.000000	0.000000	0.000000	0.000000	0.000000	0.000000	0.000000	0.000000	0.000000	0.000000	0.000000	0.000000	0.000000	1791490879.418184	0.000000
145.000000	5.246774	3.052386	2.893871	1.307915	3.080233	3.615914	3.568185	6.086062	3.685366	1.798356	1.529541	3.947142	5.267982	5.743754	4.754511	4.061187	0.000000	0.000000	0.000000	0.000000	0.000000	0.000000	0.000000	0.000000	0.000000	0.000000	0.000000	0.000000	0.000000	1791490879.418193	0.000000
146.000000	6.674615	5.703141	5.820769	4.010264	5.597826	5.873935	4.347024	6.173909	7.203751	5.987061	5.287194	6.069221	6.971349	5.572888	7.458763	8.116430	0.000000	0.000000	0.000000	0.000000	0.000000	0.000000	0.000000	0.000000	0.000000	0.000000	0.000000	0.000000	0.000000	1791490879.418202	0.000000
147.000000	4.240408	5.086300	5.373976	4.466105	4.887374	4.666157	2.535057	2.676330	6.584858	6.721676	6.033152	4.614050	4.604446	2.088621	5.893460	7.436529	0.000000	0.000000	0.000000	0.000000	0.000000	0.000000	0.000000	0.000000	0.000000	0.000000	0.000000	0.000000	0.000000	1791490879.418212	0.000000
148.000000	-0.560587	1.591168	1.893799	2.438258	1.347496	0.692594	-0.773683	-2.306084	2.229931	3.543526	3.347393	0.397475	-0.474152	-2.581547	0.907956	2.480078	0.000000	0.000000	0.000000	0.000000	0.000000	0.000000	0.000000	0.000000	0.000000	0.000000	0.000000	0.000000	0.000000	1791490879.418221	0.000000
149.000000	-4.902449	-2.737440	-2.540767	-0.912741	-2.959296	-3.683083	-3.595328	-5.831993	-3.318508	-1.693146	-1.209587	-4.085292	-5.285218	-5.639673	-4.635263	-3.805354	0.000000	0.000000	0.000000	0.000000	0.000000	0.000000	0.000000	0.000000	0.000000	0.000000	0.000000	0.000000	0.000000	1791490879.418230	0.000000
150.000000	-6.297977	-5.403595	-5.366379	-3.696108	-5.517573	-5.849764	-4.255275	-5.866168	-6.869452	-5.913769	-5.012238	-6.148536	-6.984026	-5.306234	-7.507396	-7.752459	0.000000	0.000000	0.000000	0.000000	0.000000	0.000000	0.000000	0.000000	0.000000	0.000000	0.000000	0.000000	0.000000	1791490879.418240	0.000000
151.000000	-4.033602	-4.920460	-5.039646	-4.369929	-4.847145	-4.525063	-2.388037	-2.472663	-6.437047	-6.655834	-5.905117	-4.547548	-4.561352	-1.858088	-6.016216	-7.140052	0.000000	0.000000	0.000000	0.000000	0.000000	0.000000	0.000000	0.000000	0.000000	0.000000	0.000000	0.000000	0.000000	1791490879.418249	0.000000
152.000000	0.465072	-1.656306	-1.891768	-2.606582	-1.375050	-0.528487	0.862140	2.259489	-2.364874	-3.529703	-3.444277	-0.247093	0.539477	2.591110	-1.027103	-2.457951	0.000000	0.000000	0.000000	0.000000	0.000000	0.000000	0.000000	0.000000	0.000000	0.000000	0.000000	0.000000	0.000000	1791490879.418258	0.000000
153.000000	4.526951	2.426970	2.147859	0.548219	2.830165	3.720976	3.545909	5.503357	2.925953	1.574184	0.883057	4.158184	5.277365	5.396869	4.530205	3.459779	0.000000	0.000000	0.000000	0.000000	0.000000	0.000000	0.000000	0.000000	0.000000	0.000000	0.000000	0.000000	0.000000	1791490879.418267	0.000000
154.000000	5.829307	4.961907	4.744677	3.298015	5.297395	5.675722	4.082281	5.397786	6.386141	5.641044	4.567136	6.023152	6.836284	4.962422	7.391712	7.166383	0.000000	0.000000	0.000000	0.000000	0.000000	0.000000	0.000000	0.000000	0.000000	0.000000	0.000000	0.000000	0.000000	1791490879.418277	0.000000
155.000000	3.732689	4.562365	4.522877	4.127146	4.620137	4.202690	2.195421	2.128268	6.109405	6.335130	5.551508	4.262355	4.319077	1.647339	5.897355	6.630112	0.000000	0.000000	0.000000	0.000000	0.000000	0.000000	0.000000	0.000000	0.000000	0.000000	0.000000	0.000000	0.000000	1791490879.418286	0.000000
156.000000	-0.415286	1.589657	1.796328	2.645611	1.274251	0.256754	-0.942250	-2.249567	2.390597	3.360437	3.397336	-0.000497	-0.717171	-2.508375	0.976099	2.355289	0.000000	0.000000	0.000000	0.000000	0.000000	0.000000	0.000000	0.000000	0.000000	0.000000	0.000000	0.000000	0.000000	1791490879.418295	0.000000
157.000000	-4.140528	-2.128184	-1.722038	-0.229290	-2.699950	-3.728252	-3.439282	-5.099755	-2.519897	-1.425418	-0.534848	-4.144789	-5.217980	-5.045410	-4.419733	-3.026061	0.000000	0.000000	0.000000	0.000000	0.000000	0.000000	0.000000	0.000000	0.000000	0.000000	0.000000	0.000000	0.000000	1791490879.418304	0.000000
158.000000	-5.317661	-4.421805	-4.000192	-2.839904	-4.948510	-5.349635	-3.833733	-4.800916	-5.782753	-5.180299	-3.953158	-5.679931	-6.498597	-4.550506	-7.095657	-6.386368	0.000000	0.000000	0.000000	0.000000	0.000000	0.000000	0.000000	0.000000	0.000000	0.000000	0.000000	0.000000	0.000000	1791490879.418314	0.000000
159.000000	-3.381537	-4.057396	-3.872572	-3.753482	-4.215596	-3.702947	-1.955584	-1.678048	-5.624927	-5.788088	-4.991631	-3.765912	-3.869917	-1.444768	-5.531326	-5.938957	0.000000	0.000000	0.000000	0.000000	0.000000	0.000000	0.000000	0.000000	0.000000	0.000000	0.000000	0.000000	0.000000	1791490879.418323	0.000000
160.000000	0.412752	-1.406431	-1.630927	-2.556734	-1.056782	0.102757	1.010585	2.270356	-2.309218	-3.065674	-3.237095	0.316768	0.978574	2.346172	-0.765222	-2.187777	0.000000	0.000000	0.000000	0.000000	0.000000	0.000000	0.000000	0.000000	0.000000	0.000000	0.000000	0.000000	0.000000	1791490879.418333	0.000000
161.000000	3.791161	1.859067	1.275007	-0.033854	2.558369	3.681057	3.274164	4.643746	2.115570	1.231227	0.144428	4.016935	5.060566	4.591995	4.280554	2.513308	0.000000	0.000000	0.000000	0.000000	0.000000	0.000000	0.000000	0.000000	0.000000	0.000000	0.000000	0.000000	0.000000	1791490879.418342	0.000000
162.000000	4.816955	3.818285	3.173749	2.342122	4.479072	4.871150	3.523320	4.103730	5.082442	4.545669	3.185137	5.121277	5.948569	4.076597	6.602933	5.444252	0.000000	0.000000	0.000000	0.000000	0.000000	0.000000	0.000000	0.000000	0.000000	0.000000	0.000000	0.000000	0.000000	1791490879.418351	0.000000
163.000000	2.999370	3.440742	3.141002	3.276873	3.667203	3.057929	1.688518	1.137616	5.007275	5.060025	4.276930	3.099484	3.240806	1.254415	4.930454	5.107255	0.000000	0.000000	0.000000	0.000000	0.000000	0.000000	0.000000	0.000000	0.000000	0.000000	0.000000	0.000000	0.000000	1791490879.418360	0.000000
164.000000	-0.476361	1.131375	1.433978	2.364376	0.764354	-0.506832	-1.060611	-2.318969	2.138133	2.698653	3.019675	-0.645998	-1.263189	-2.108514	0.435654	1.983023	0.000000	0.000000	0.000000	0.000000	0.000000	0.000000	0.000000	0.000000	0.000000	0.000000	0.000000	0.000000	0.000000	1791490879.418387	0.000000
165.000000	-3.504351	-1.610856	-0.802946	0.245731	-2.383646	-3.554619	-3.059461	-4.133087	-1.707011	-0.965569	0.308471	-3.742721	-4.754257	-4.044253	-4.066287	-1.922259	0.000000	0.000000	0.000000	0.000000	0.000000	0.000000	0.000000	0.000000	0.000000	0.000000	0.000000	0.000000	0.000000	1791490879.418397	0.000000
166.000000	-4.328855	-3.161615	-2.299845	-1.829283	-3.904890	-4.250678	-3.162148	-3.299005	-4.293548	-3.759947	-2.297961	-4.366617	-5.184999	-3.544399	-5.895572	-4.369092	0.000000	0.000000	0.000000	0.000000	0.000000	0.000000	0.000000	0.000000	0.000000	0.000000	0.000000	0.000000	0.000000	1791490879.418406	0.000000
167.000000	-2.567300	-2.741691	-2.383608	-2.741585	-3.025035	-2.311347	-1.403163	-0.507860	-4.280531	-4.213746	-3.481850	-2.331901	-2.489597	-1.079862	-4.128307	-4.180017	0.000000	0.000000	0.000000	0.000000	0.000000	0.000000	0.000000	0.000000	0.000000	0.000000	0.000000	0.000000	0.000000	1791490879.418415	0.000000
168.000000	0.614518	-0.803546	-1.249283	-2.104856	-0.454275	0.901066	1.079796	2.370893	-1.911127	-2.323923	-2.812402	0.910488	1.489394	1.786770	-0.061163	-1.780736	0.000000	0.000000	0.000000	0.000000	0.000000	0.000000	0.000000	0.000000	0.000000	0.000000	0.000000	0.000000	0.000000	1791490879.418425	0.000000
169.000000	3.257066	1.354694	0.302235	-0.408477	2.150363	3.320361	2.782940	3.529672	1.269411	0.606805	-0.833261	3.295160	4.256524	3.398121	3.713154	1.242703	0.000000	0.000000	0.000000	0.000000	0.000000	0.000000	0.000000	0.000000	0.000000	0.000000	0.000000	0.000000	0.000000	1791490879.418434	0.000000
170.000000	3.813268	2.450497	1.415202	1.334335	3.254163	3.510451	2.754469	2.367522	3.419239	2.860289	1.352288	3.468550	4.244923	2.967781	4.971684	3.190585	0.000000	0.000000	0.000000	0.000000	0.000000	0.000000	0.000000	0.000000	0.000000	0.000000	0.000000	0.000000	0.000000	1791490879.418443	0.000000
171.000000	2.063595	1.986426	1.646544	2.189557	2.352601	1.525174	1.127209	-0.191739	3.475420	3.316610	2.691925	1.559737	1.709281	0.946920	3.189713	3.209749	0.000000	0.000000	0.000000	0.000000	0.000000	0.000000	0.000000	0.000000	0.000000	0.000000	0.000000	0.000000	0.000000	1791490879.418453	0.000000
172.000000	-0.809296	0.460672	1.097962	1.799175	0.178352	-1.226613	-1.033853	-2.383015	1.665089	1.989237	2.657351	-1.044536	-1.582348	-1.367064	-0.275129	1.621222	0.000000	0.000000	0.000000	0.000000	0.000000	0.000000	0.000000	0.000000	0.000000	0.000000	0.000000	0.000000	0.000000	1791490879.418462	0.000000
173.000000	-3.005135	-1.061337	0.213672	0.511251	-1.856620	-2.965641	-2.431612	-2.802098	-0.784573	-0.157829	1.396258	-2.690302	-3.572789	-2.668894	-3.180270	-0.473665	0.000000	0.000000	0.000000	0.000000	0.000000	0.000000	0.000000	0.000000	0.000000	0.000000	0.000000	0.000000	0.000000	1791490879.418471	0.000000
174.000000	-3.236277	-1.680570	-0.551236	-0.887747	-2.573906	-2.694313	-2.321453	-1.314932	-2.471888	-1.893251	-0.426975	-2.511645	-3.210905	-2.384188	-3.860918	-1.948903	0.000000	0.000000	0.000000	0.000000	0.000000	0.000000	0.000000	0.000000	0.000000	0.000000	0.000000	0.000000	0.000000	1791490879.418480	0.000000
175.000000	-1.491509	-1.201306	-0.955238	-1.647517	-1.707700	-0.768033	-0.900838	0.921834	-2.627705	-2.424615	-1.966717	-0.872473	-0.995105	-0.887459	-2.194712	-2.254427	0.000000	0.000000	0.000000	0.000000	0.000000	0.000000	0.000000	0.000000	0.000000	0.000000	0.000000	0.000000	0.000000	1791490879.418490	0.000000
176.000000	1.026184	-0.145143	-0.984047	-1.452649	0.038209	1.440321	0.894735	2.313132	-1.434794	-1.722290	-2.550573	1.019577	1.507080	0.852117	0.499451	-1.542821	0.000000	0.000000	0.000000	0.000000	0.000000	0.000000	0.000000	0.000000	0.000000	0.000000	0.000000	0.000000	0.000000	1791490879.418499	0.000000
177.000000	2.714601	0.705092	-0.725720	-0.537173	1.524537	2.502535	2.010476	1.943355	0.247535	-0.361144	-1.937421	1.982027	2.755029	1.899561	2.458342	-0.371732	0.000000	0.000000	0.000000	0.000000	0.000000	0.000000	0.000000	0.000000	0.000000	0.000000	0.000000	0.000000	0.000000	1791490879.418508	0.000000
178.000000	2.594167	0.867631	-0.261820	0.513756	1.912389	1.857130	1.894544	0.183408	1.485741	0.914746	-0.410105	1.592341	2.184242	1.847602	2.631916	0.708491	0.000000	0.000000	0.000000	0.000000	0.000000	0.000000	0.000000	0.000000	0.000000	0.000000	0.000000	0.000000	0.000000	1791490879.418518	0.000000
179.000000	0.880129	0.432374	0.329653	1.128466	1.128735	0.095851	0.754328	-1.620978	1.785493	1.588875	1.330658	0.335139	0.422826	0.921347	1.237521	1.385721	0.000000	0.000000	0.000000	0.000000	0.000000	0.000000	0.000000	0.000000	0.000000	0.000000	0.000000	0.000000	0.000000	1791490879.418528	0.000000
180.000000	-1.231993	-0.109578	0.898790	1.058772	-0.191030	-1.523713	-0.658579	-2.137310	1.238933	1.528350	2.456371	-0.851580	-1.270885	-0.277690	-0.572796	1.564144	0.000000	0.000000	0.000000	0.000000	0.000000	0.000000	0.000000	0.000000	0.000000	0.000000	0.000000	0.000000	0.000000	1791490879.418537	0.000000
181.000000	-2.384015	-0.299258	1.198350	0.468902	-1.183345	-1.959965	-1.544872	-0.999752	0.310540	0.903541	2.391476	-1.251144	-1.888636	-1.157042	-1.600247	1.237248	0.000000	0.000000	0.000000	0.000000	0.000000	0.000000	0.000000	0.000000	0.000000	0.000000	0.000000	0.000000	0.000000	1791490879.418549	0.000000
182.000000	-1.922639	-0.060989	0.988350	-0.222311	-1.311085	-1.052938	-1.507180	0.941784	-0.516238	0.014411	1.117345	-0.790352	-1.263439	-1.404561	-1.384919	0.443414	0.000000	0.000000	0.000000	0.000000	0.000000	0.000000	0.000000	0.000000	0.000000	0.000000	0.000000	0.000000	0.000000	1791490879.418558	0.000000
183.000000	-0.266331	0.282097	0.225581	-0.625129	-0.641356	0.449882	-0.702032	2.240397	-0.979389	-0.835103	-0.770342	0.032481	-0.031090	-1.039439	-0.379235	-0.647896	0.000000	0.000000	0.000000	0.000000	0.000000	0.000000	0.000000	0.000000	0.000000	0.000000	0.000000	0.000000	0.000000	1791490879.418568	0.000000
184.000000	1.430274	0.313816	-0.809634	-0.602937	0.287017	1.474945	0.341097	1.893154	-1.056466	-1.379281	-2.321786	0.588668	0.919170	-0.300259	0.524520	-1.648740	0.000000	0.000000	0.000000	0.000000	0.000000	0.000000	0.000000	0.000000	0.000000	0.000000	0.000000	0.000000	0.000000	1791490879.418578	0.000000
185.000000	2.059209	-0.104313	-1.587299	-0.304629	0.865778	1.374154	1.067362	0.069158	-0.835358	-1.412498	-2.711992	0.571123	1.063981	0.500456	0.699807	-2.037159	0.000000	0.000000	0.000000	0.000000	0.000000	0.000000	0.000000	0.000000	0.000000	0.000000	0.000000	0.000000	0.000000	1791490879.418587	0.000000
186.000000	1.268365	-0.689905	-1.606697	-0.005103	0.802701	0.328395	1.183420	-1.983363	-0.394422	-0.854267	-1.691708	0.146468	0.515044	1.073732	0.200906	-1.444059	0.000000	0.000000	0.000000	0.000000	0.000000	0.000000	0.000000	0.000000	0.000000	0.000000	0.000000	0.000000	0.000000	1791490879.418598	0.000000
187.000000	-0.345697	-0.935697	-0.724522	0.116742	0.255159	-0.843092	0.743531	-2.786324	0.207385	0.158368	0.248663	-0.250827	-0.182592	1.209803	-0.374010	0.030834	0.000000	0.000000	0.000000	0.000000	0.000000	0.000000	0.000000	0.000000	0.000000	0.000000	0.000000	0.000000	0.000000	1791490879.418608	0.000000
188.000000	-1.660763	-0.504451	0.685673	0.092171	-0.338376	-1.298275	0.039938	-1.658853	0.851021	1.238216	2.110527	-0.287455	-0.510663	0.831188	-0.418521	1.730388	0.000000	0.000000	0.000000	0.000000	0.000000	0.000000	0.000000	0.000000	0.000000	0.000000	0.000000	0.000000	0.000000	1791490879.418617	0.000000
189.000000	-1.780926	0.465127	1.876709	0.087358	-0.584535	-0.765491	-0.591129	0.772167	1.297794	1.859031	2.902726	0.020681	-0.339685	0.047884	0.172637	2.716050	0.000000	0.000000	0.000000	0.000000	0.000000	0.000000	0.000000	0.000000	0.000000	0.000000	0.000000	0.000000	0.000000	1791490879.418627	0.000000
190.000000	-0.630821	1.378324	2.127350	0.213629	-0.387613	0.297183	-0.920163	2.931139	1.252619	1.608136	2.171605	0.352506	0.048525	-0.831865	0.902750	2.299200	0.000000	0.000000	0.000000	0.000000	0.000000	0.000000	0.000000	0.000000	0.000000	0.000000	0.000000	0.000000	0.000000	1791490879.418637	0.000000
191.000000	0.991780	1.550478	1.182534	0.394396	0.031141	1.069747	-0.870457	3.307929	0.555024	0.461548	0.261647	0.363981	0.249232	-1.391547	1.056648	0.516680	0.000000	0.000000	0.000000	0.000000	0.000000	0.000000	0.000000	0.000000	0.000000	0.000000	0.000000	0.000000	0.000000	1791490879.418646	0.000000
192.000000	1.945684	0.694967	-0.534197	0.412815	0.333531	0.983779	-0.486830	1.479971	-0.621044	-1.100369	-1.841232	-0.019546	0.082495	-1.297936	0.289021	-1.773059	0.000000	0.000000	0.000000	0.000000	0.000000	0.000000	0.000000	0.000000	0.000000	0.000000	0.000000	0.000000	0.000000	1791490879.418656	0.000000
193.000000	1.521855	-0.801252	-2.096249	0.110169	0.320360	0.133064	0.105089	-1.530143	-1.733068	-2.263819	-3.014555	-0.527090	-0.272023	-0.507947	-1.024424	-3.293785	0.000000	0.000000	0.000000	0.000000	0.000000	0.000000	0.000000	0.000000	0.000000	0.000000	0.000000	0.000000	0.000000	1791490879.418665	0.000000
194.000000	-0.046566	-2.037165	-2.575093	-0.428541	0.057049	-0.811553	0.712411	-3.828783	-2.099534	-2.302083	-2.595641	-0.739333	-0.443837	0.643266	-1.963824	-3.068088	0.000000	0.000000	0.000000	0.000000	0.000000	0.000000	0.000000	0.000000	0.000000	0.000000	0.000000	0.000000	0.000000	1791490879.418675	0.000000
195.000000	-1.699718	-2.138767	-1.595472	-0.869891	-0.208172	-1.113616	1.088161	-3.834550	-1.312916	-1.030677	-0.755463	-0.413121	-0.198108	1.563554	-1.691814	-1.039896	0.000000	0.000000	0.000000	0.000000	0.000000	0.000000	0.000000	0.000000	0.000000	0.000000	0.000000	0.000000	0.000000	1791490879.418684	0.000000
196.000000	-2.249240	-0.860591	0.387045	-0.845122	-0.255350	-0.529197	1.000964	-1.339564	0.408076	0.986266	1.557510	0.306768	0.343240	1.705865	-0.115176	1.786974	0.000000	0.000000	0.000000	0.000000	0.000000	0.000000	0.000000	0.000000	0.000000	0.000000	0.000000	0.000000	0.000000	1791490879.418694	0.000000
197.000000	-1.210820	1.156028	2.282368	-0.242012	-0.064143	0.503908	0.374981	2.248590	2.197662	2.657441	3.095336	0.952519	0.767647	0.899505	1.904808	3.830229	0.000000	0.000000	0.000000	0.000000	0.000000	0.000000	0.000000	0.000000	0.000000	0.000000	0.000000	0.000000	0.000000	1791490879.418703	0.000000
198.000000	0.804214	2.691437	2.964684	0.648906	0.184755	1.190259	-0.580946	4.699855	2.959485	2.951498	2.979784	1.044510	0.686129	-0.491967	3.014174	3.810773	0.000000	0.000000	0.000000	0.000000	0.000000	0.000000	0.000000	0.000000	0.000000	0.000000	0.000000	0.000000	0.000000	1791490879.418713	0.000000
199.000000	2.442725	2.686698	1.947215	1.272331	0.269057	0.975258	-1.390191	4.346806	2.037841	1.538143	1.208913	0.437788	0.057527	-1.718126	2.263043	1.549632	0.000000	0.000000	0.000000	0.000000	0.000000	0.000000	0.000000	0.000000	0.000000	0.000000	0.000000	0.000000	0.000000	1791490879.418722	0.000000
200.000000	2.508505	0.965353	-0.274357	1.165686	0.110271	-0.026680	-1.535704	1.201718	-0.265453	-0.917617	-1.294843	-0.542950	-0.734780	-2.049598	-0.149325	-1.812307	0.000000	0.000000	0.000000	0.000000	0.000000	0.000000	0.000000	0.000000	0.000000	0.000000	0.000000	0.000000	0.000000	1791490879.418731	0.000000
201.000000	0.812888	-1.549889	-2.450291	0.298944	-0.163458	-1.094814	-0.796859	-2.936082	-2.717003	-3.045831	-3.156582	-1.287073	-1.129860	-1.221629	-2.838987	-4.371049	0.000000	0.000000	0.000000	0.000000	0.000000	0.000000	0.000000	0.000000	0.000000	0.000000	0.000000	0.000000	0.000000	1791490879.418741	0.000000
202.000000	-1.617831	-3.326090	-3.283592	-0.851781	-0.323635	-1.418227	0.530148	-5.515188	-3.804602	-3.538911	-3.306803	-1.288631	-0.791786	0.364220	-4.031724	-4.536805	0.000000	0.000000	0.000000	0.000000	0.000000	0.000000	0.000000	0.000000	0.000000	0.000000	0.000000	0.000000	0.000000	1791490879.418751	0.000000
203.000000	-3.163642	-3.160666	-2.213982	-1.574402	-0.228284	-0.696043	1.720928	-4.810421	-2.677814	-1.964243	-1.604444	-0.485362	0.124343	1.829959	-2.730246	-2.023094	0.000000	0.000000	0.000000	0.000000	0.000000	0.000000	0.000000	0.000000	0.000000	0.000000	0.000000	0.000000	0.000000	1791490879.418760	0.000000
204.000000	-2.684735	-0.992317	0.202426	-1.373724	0.061400	0.615294	2.022041	-1.063256	0.214958	0.889586	1.045490	0.680575	1.045295	2.315206	0.514046	1.869450	0.000000	0.000000	0.000000	0.000000	0.000000	0.000000	0.000000	0.000000	0.000000	0.000000	0.000000	0.000000	0.000000	1791490879.418769	0.000000
205.000000	-0.339123	1.963126	2.577355	-0.310779	0.326229	1.597298	1.136652	3.562320	3.257973	3.396677	3.171850	1.520279	1.352985	1.490064	3.794250	4.911660	0.000000	0.000000	0.000000	0.000000	0.000000	0.000000	0.000000	0.000000	0.000000	0.000000	0.000000	0.000000	0.000000	1791490879.418778	0.000000
206.000000	2.432324	3.896104	3.497636	1.003616	0.358608	1.510553	-0.523193	6.237064	4.573841	4.029150	3.559789	1.510688	0.804165	-0.225426	4.972726	5.223642	0.000000	0.000000	0.000000	0.000000	0.000000	0.000000	0.000000	0.000000	0.000000	0.000000	0.000000	0.000000	0.000000	1791490879.418788	0.000000
207.000000	3.797192	3.522719	2.380294	1.770820	0.123594	0.334272	-2.017984	5.203845	3.194495	2.300142	1.951494	0.611310	-0.291224	-1.878362	3.073718	2.440595	0.000000	0.000000	0.000000	0.000000	0.000000	0.000000	0.000000	0.000000	0.000000	0.000000	0.000000	0.000000	0.000000	1791490879.418797	0.000000
208.000000	2.745708	0.940951	-0.151679	1.498990	-0.211986	-1.180447	-2.422661	0.926420	-0.240856	-0.875117	-0.782968	-0.698501	-1.254794	-2.518208	-0.961747	-1.957918	0.000000	0.000000	0.000000	0.000000	0.000000	0.000000	0.000000	0.000000	0.000000	0.000000	0.000000	0.000000	0.000000	1791490879.418806	0.000000
209.000000	-0.180817	-2.351648	-2.620483	0.318069	-0.403330	-1.996845	-1.407872	-4.100839	-3.759195	-3.662974	-3.117975	-1.681239	-1.468670	-1.743688	-4.721636	-5.424193	0.000000	0.000000	0.000000	0.000000	0.000000	0.000000	0.000000	0.000000	0.000000	0.000000	0.000000	0.000000	0.000000	1791490879.418816	0.000000
210.000000	-3.167728	-4.339093	-3.572331	-1.086470	-0.310322	-1.499611	0.510576	-6.821950	-5.201747	-4.386090	-3.731273	-1.755533	-0.773947	0.050952	-5.777898	-5.827376	0.000000	0.000000	0.000000	0.000000	0.000000	0.000000	0.000000	0.000000	0.000000	0.000000	0.000000	0.000000	0.000000	1791490879.418825	0.000000
211.000000	-4.269066	-3.739615	-2.449449	-1.881493	-0.000626	0.058143	2.235555	-5.492831	-3.567568	-2.547560	-2.259763	-0.831566	0.418258	1.876539	-3.264542	-2.775228	0.000000	0.000000	0.000000	0.000000	0.000000	0.000000	0.000000	0.000000	0.000000	0.000000	0.000000	0.000000	0.000000	1791490879.418835	0.000000
212.000000	-2.682063	-0.836916	0.081210	-1.583462	0.304470	1.686245	2.728957	-0.797748	0.298552	0.833026	0.486518	0.620582	1.378513	2.694841	1.456465	2.057326	0.000000	0.000000	0.000000	0.000000	0.000000	0.000000	0.000000	0.000000	0.000000	0.000000	0.000000	0.000000	0.000000	1791490879.418844	0.000000
213.000000	0.685601	2.652178	2.537228	-0.347379	0.395446	2.295602	1.644260	4.506177	4.143987	3.795712	2.976878	1.809596	1.513246	2.007787	5.535371	5.849095	0.000000	0.000000	0.000000	0.000000	0.000000	0.000000	0.000000	0.000000	0.000000	0.000000	0.000000	0.000000	0.000000	1791490879.418853	0.000000
214.000000	3.746363	4.609804	3.505155	1.117633	0.221313	1.423998	-0.441102	7.226772	5.641485	4.593259	3.819941	2.046191	0.732283	0.155780	6.376188	6.295066	0.000000	0.000000	0.000000	0.000000	0.000000	0.000000	0.000000	0.000000	0.000000	0.000000	0.000000	0.000000	0.000000	1791490879.418862	0.000000
215.000000	4.543766	3.817811	2.461309	1.955711	-0.086733	-0.432708	-2.343688	5.672501	3.814834	2.732398	2.544124	1.133409	-0.496946	-1.849423	3.302383	3.021532	0.000000	0.000000	0.000000	0.000000	0.000000	0.000000	0.000000	0.000000	0.000000	0.000000	0.000000	0.000000	0.000000	1791490879.418872	0.000000
216.000000	2.512724	0.720422	0.048929	1.661756	-0.319526	-2.110563	-2.956699	0.704441	-0.327349	-0.723747	-0.141222	-0.488618	-1.435620	-2.873520	-1.930870	-2.124540	0.000000	0.000000	0.000000	0.000000	0.000000	0.000000	0.000000	0.000000	0.000000	0.000000	0.000000	0.000000	0.000000	1791490879.418881	0.000000
217.000000	-1.128347	-2.831251	-2.329046	0.383497	-0.336398	-2.512736	-1.893976	-4.750377	-4.360457	-3.776257	-2.747447	-1.943185	-1.520494	-2.294588	-6.153471	-6.127870	0.000000	0.000000	0.000000	0.000000	0.000000	0.000000	0.000000	0.000000	0.000000	0.000000	0.000000	0.000000	0.000000	1791490879.418890	0.000000
218.000000	-4.122967	-4.701247	-3.335592	-1.148324	-0.147999	-1.322330	0.278625	-7.442594	-5.884664	-4.661665	-3.836968	-2.381512	-0.700106	-0.376162	-6.727449	-6.592031	0.000000	0.000000	0.000000	0.000000	0.000000	0.000000	0.000000	0.000000	0.000000	0.000000	0.000000	0.000000	0.000000	1791490879.418900	0.000000
219.000000	-4.596187	-3.767939	-2.451643	-2.031805	0.110953	0.766866	2.352633	-5.750570	-3.966904	-2.877457	-2.814769	-1.473861	0.537347	1.838821	-3.211002	-3.188305	0.000000	0.000000	0.000000	0.000000	0.000000	0.000000	0.000000	0.000000	0.000000	0.000000	0.000000	0.000000	0.000000	1791490879.418909	0.000000
220.000000	-2.244077	-0.603068	-0.234435	-1.723142	0.281617	2.459974	3.149993	-0.658435	0.289805	0.537041	-0.248208	0.352511	1.455967	3.082390	2.320405	2.118933	0.000000	0.000000	0.000000	0.000000	0.000000	0.000000	0.000000	0.000000	0.000000	0.000000	0.000000	0.000000	0.000000	1791490879.418918	0.000000
221.000000	1.472071	2.884277	2.038084	-0.376101	0.277566	2.666780	2.186598	4.828586	4.395440	3.617598	2.451715	2.097338	1.510153	2.583110	6.521367	6.222046	0.000000	0.000000	0.000000	0.000000	0.000000	0.000000	0.000000	0.000000	0.000000	0.000000	0.000000	0.000000	0.000000	1791490879.418928	0.000000
222.000000	4.253354	4.615349	3.108231	1.223700	0.121776	1.202629	-0.040339	7.476770	5.949178	4.616645	3.805981	2.730433	0.670028	0.550437	6.827944	6.711432	0.000000	0.000000	0.000000	0.000000	0.000000	0.000000	0.000000	0.000000	0.000000	0.000000	0.000000	0.000000	0.000000	1791490879.418937	0.000000
223.000000	4.412145	3.596843	2.432420	2.111580	-0.085143	-1.065804	-2.307275	5.742653	4.054371	2.997955	3.073645	1.802006	-0.561541	-1.887075	3.036631	3.301705	0.000000	0.000000	0.000000	0.000000	0.000000	0.000000	0.000000	0.000000	0.000000	0.000000	0.000000	0.000000	0.000000	1791490879.418947	0.000000
224.000000	1.910469	0.494232	0.446821	1.726680	-0.232704	-2.739404	-3.333851	0.670871	-0.169197	-0.283726	0.652859	-0.243902	-1.452604	-3.301221	-2.570668	-2.009192	0.000000	0.000000	0.000000	0.000000	0.000000	0.000000	0.000000	0.000000	0.000000	0.000000	0.000000	0.000000	0.000000	1791490879.418956	0.000000
225.000000	-1.661200	-2.809299	-1.714649	0.274273	-0.256207	-2.755754	-2.503900	-4.749186	-4.263442	-3.355312	-2.134375	-2.267297	-1.480704	-2.807940	-6.625322	-6.129444	0.000000	0.000000	0.000000	0.000000	0.000000	0.000000	0.000000	0.000000	0.000000	0.000000	0.000000	0.000000	0.000000	1791490879.418965	0.000000
226.000000	-4.118224	-4.371265	-2.866026	-1.369712	-0.153694	-1.063920	-0.233433	-7.361815	-5.877603	-4.499099	-3.757237	-3.063989	-0.639130	-0.631080	-6.719152	-6.688664	0.000000	0.000000	0.000000	0.000000	0.000000	0.000000	0.000000	0.000000	0.000000	0.000000	0.000000	0.000000	0.000000	1791490879.418975	0.000000
227.000000	-4.041623	-3.343376	-2.414420	-2.181437	0.026299	1.323317	2.232726	-5.689763	-4.121576	-3.111269	-3.312256	-2.085800	0.567912	1.981022	-2.841846	-3.404193	0.000000	0.000000	0.000000	0.000000	0.000000	0.000000	0.000000	0.000000	0.000000	0.000000	0.000000	0.000000	0.000000	1791490879.418984	0.000000
228.000000	-1.600277	-0.427558	-0.659313	-1.632548	0.205281	2.942110	3.500594	-0.762328	-0.046638	-0.014240	-1.029502	0.182508	1.429607	3.472963	2.651568	1.788128	0.000000	0.000000	0.000000	0.000000	0.000000	0.000000	0.000000	0.000000	0.000000	0.000000	0.000000	0.000000	0.000000	1791490879.418994	0.000000
229.000000	1.644009	2.608418	1.402404	-0.044624	0.298960	2.782581	2.816946	4.532711	3.998701	3.035363	1.839430	2.450969	1.448493	2.922645	6.493228	5.889117	0.000000	0.000000	0.000000	0.000000	0.000000	0.000000	0.000000	0.000000	0.000000	0.000000	0.000000	0.000000	0.000000	1791490879.419005	0.000000
230.000000	3.759261	4.017988	2.641743	1.590099	0.249440	0.922693	0.521241	7.155405	5.733048	4.347155	3.704479	3.361079	0.627813	0.625999	6.466133	6.579440	0.000000	0.000000	0.000000	0.000000	0.000000	0.000000	0.000000	0.000000	0.000000	0.000000	0.000000	0.000000	0.000000	1791490879.419015	0.000000
231.000000	3.605176	3.083594	2.411168	2.226196	0.057580	-1.512847	-2.119016	5.657827	4.224376	3.231256	3.518089	2.306143	-0.542854	-2.058957	2.684821	3.529260	0.000000	0.000000	0.000000	0.000000	0.000000	0.000000	0.000000	0.000000	0.000000	0.000000	0.000000	0.000000	0.000000	1791490879.419025	0.000000
